model_name	species	taxid  rna_type
d.16.b.A.israelii	Actinomyces israelii	1659	rRNA_16S
d.16.b.A.hydrophila	Aeromonas hydrophila	644	rRNA_16S
b.16.m.A.castellanii	Acanthamoeba castellanii	5755	mt_rRNA
d.16.m.A.cahirinus	Acomys cahirinus	10068	mt_rRNA
d.16.m.A.fulgens	Ailurus fulgens	9649	mt_rRNA
b.16.m.A.mississippiensis	Alligator mississippiensis	8496	mt_rRNA
b.16.m.A.hottentotus	Amblysomus hottentotus	9391	mt_rRNA
b.I1.e.Bangia.sp.C1.SSU.516	Bangia sp.	76713	group_I_intron
a.I1.e.B.ciliata.JCM6865.C1.SSU.943	Bensingtonia ciliata	4989	group_I_intron
a.I1.e.B.ciliata.JCM6865.C1.SSU.1506	Bensingtonia ciliata	4989	group_I_intron
a.I1.e.B.yamatoana.JCM2896.C1.SSU.943	Bannozyma yamatoana	4996	group_I_intron
a.I1.e.B.yamatoana.JCM2896.C1.SSU.1506	Bannozyma yamatoana	4996	group_I_intron
d.5.e.B.vulgaris	Beta vulgaris	161934	rRNA_5S
b.16.m.A.franciscana	Artemia franciscana	6661	mt_rRNA
d.16.m.Ateles.sp	Ateles sp.	9511	mt_rRNA
b.16.m.B.musculus	Balaenoptera musculus	9771	mt_rRNA
d.16.m.B.brevicauda	Blarina brevicauda	9387	mt_rRNA
d.5.e.B.taurus	Bos taurus	9913	rRNA_5S
d.5.e.B.plicatilis	Brachionus plicatilis	10195	rRNA_5S
d.5.e.B.napus	Brassica napus	3708	rRNA_5S
d.5.e.B.vorax	Bresslaua vorax	5982	rRNA_5S
d.5.e.B.neritina	Bugula neritina	10212	rRNA_5S
d.5.e.C.elegans.1	Caenorhabditis elegans	6239	rRNA_5S
d.5.e.C.elegans.2	Caenorhabditis elegans	6239	rRNA_5S
d.5.e.C.vicina	Calliphora vicina	7373	rRNA_5S
a.I2.b.C.sp.B.TBD.i5	Calothrix sp.	1187	group_II_intron
d.16.c.C.sertularioides	Caulerpa sertularioides	76315	small_subunit_rRNA
a.I1.e.C.geophilum_PAC.C1.SSU.1506	Cenococcum geophilum	5570	group_I_intron
d.5.e.C.edule	Cerastoderma edule	55710	rRNA_5S
a.I1.e.C.saccatum.C1.SSU.1512	Characium saccatum	3094	group_I_intron
d.16.c.C.humicola	Chlamydomonas applanata	35704	small_subunit_rRNA
a.I1.c.C.moewusii.B4.PSBA.i2	Chlamydomonas moewusii	3054	group_I_intron
d.16.c.C.reinhardtii	Chlamydomonas reinhardtii	3055	small_subunit_rRNA
d.235.c.C.reinhardtii	Chlamydomonas reinhardtii	3055	large_subunit_rRNA
d.233.c.C.reinhardtii	Chlamydomonas reinhardtii	3055	large_subunit_rRNA
b.I1.e.C.sorokiniana.C1.SSU.1046	Chlorella sorokiniana	3076	group_I_intron
a.I1.e.C.sorokiniana.C1.SSU.323	Chlorella sorokiniana	3076	group_I_intron
d.16.c.C.vulgaris	Chlorella vulgaris	3077	small_subunit_rRNA
d.16.c.C.fragile	Codium fragile	3133	small_subunit_rRNA
a.I1.e.C.botrytis.C1.SSU.1506	Cosmarium botrytis	33101	group_I_intron
a.I1.e.C.saxonicum.C1.SSU.1506	Cosmocladium saxonicum	35865	group_I_intron
a.I1.e.C.parasitica.E.SSU.1199	Cryphonectria parasitica	5116	group_I_intron
a.I2.m.C.parasitica.B.SSU.952	Cryphonectria parasitica	5116	group_II_intron
b.I1.e.C.hypophloia.E.SSU.989	Cryptendoxyla hypophloia	64883	group_I_intron
d.16.c.Cryptomonas.sp	Cryptomonas sp.	3031	small_subunit_rRNA
d.16.c.C.caldarium	Cyanidium caldarium	2771	small_subunit_rRNA
d.16.y.C.paradoxa	Cyanophora paradoxa	2762	small_subunit_rRNA
d.16.c.C.paradoxa	Cyanophora paradoxa	2762	small_subunit_rRNA
d.235.y.C.paradoxa	Cyanophora paradoxa	2762	large_subunit_rRNA
d.233.y.C.paradoxa	Cyanophora paradoxa	2762	large_subunit_rRNA
d.5.e.C.revoluta	Cycas revoluta	3396	rRNA_5S
a.16.c.C.coccineum	Cynomorium coccineum	51503	small_subunit_rRNA
d.5.e.C.carpio	Cyprinus carpio	7962	rRNA_5S
a.16.c.C.ruber	Cytinus ruber	45982	small_subunit_rRNA
d.5.b.D.radiodurans.rrnA	Deinococcus radiodurans	1299	rRNA_5S
d.5.b.D.radiodurans.rrnB	Deinococcus radiodurans	1299	rRNA_5S
d.5.b.D.radiodurans.rrnC	Deinococcus radiodurans	1299	rRNA_5S
d.5.b.D.acidovorans	Delftia acidovorans	80866	rRNA_5S
a.I1.b.Dermocarpa.sp.ATCC29371.C3.tMET	Stanieria sp.	34081	group_I_intron
b.16.m.C.crispus	Chondrus crispus	2769	mt_rRNA
b.16.m.C.parallelus.ESC	Chorthippus parallelus	37639	mt_rRNA
b.16.m.C.parallelus.NOR	Chorthippus parallelus	37639	mt_rRNA
b.16.m.C.coscoroba	Coscoroba coscoroba	8863	mt_rRNA
b.16.m.C.coturnix	Coturnix coturnix	9091	mt_rRNA
a.16.m.C.fasciculata	Crithidia fasciculata	5656	mt_rRNA
b.16.m.C.lacustre	Formosania lacustris	7980	mt_rRNA
b.16.m.C.melancoryphus	Cygnus melancoryphus	41691	mt_rRNA
b.16.m.C.carpio	Cyprinus carpio	7962	mt_rRNA
d.16.m.D.novemcinctus	Dasypus novemcinctus	9361	mt_rRNA
d.16.m.D.geoffroii	Dasyurus geoffroii	63143	mt_rRNA
d.5.a.D.mobilis	Desulfurococcus mucosus	2274	rRNA_5S
a.I1.e.A.brochopaga.C1.SSU.1506	Drechslerella brochopaga	47238	group_I_intron
d.5.e.D.mauritiana	Drosophila mauritiana	7226	rRNA_5S
d.5.e.D.melanogaster.1	Drosophila melanogaster	7227	rRNA_5S
d.5.e.D.melanogaster.2	Drosophila melanogaster	7227	rRNA_5S
a.I1.e.D.parva.C1.SSU.943	Dunaliella parva	3048	group_I_intron
a.I1.e.D.parva.C1.SSU.1512	Dunaliella parva	3048	group_I_intron
a.I1.e.D.salina.C1.SSU.943	Dunaliella salina	3046	group_I_intron
d.5.b.E.shaposhnikovii	Ectothiorhodospira shaposhnikovii	1054	rRNA_5S
a.16.c.E.huxleyi	Emiliania huxleyi	2903	small_subunit_rRNA
d.5.b.E.brevis	Empedobacter brevis	247	rRNA_5S
d.5.e.E.gracile.1	Emplectonema gracile	6230	rRNA_5S
a.I1.b.coliphage.T4.A2.NRDB	Escherichia virus T4	10665	group_I_intron
a.I1.b.coliphage.T4.A2.TD	Escherichia virus T4	10665	group_I_intron
a.I1.b.coliphage.T4.A2.NRDD	Escherichia virus T4	10665	group_I_intron
d.5.e.E.kokanica	Ephedra kokanica	3388	rRNA_5S
d.5.b.E.coli	Escherichia coli	562	rRNA_5S
d.5.b.E.coli.03	Escherichia coli	562	rRNA_5S
a.I2.b.E.coli.A.TBD.i1	Escherichia coli	562	group_II_intron
d.5.e.E.woodruffi	Euplotes woodruffi	5942	rRNA_5S
a.I1.e.E.dermatitidis.C1.SSU.943	Exophiala dermatitidis	5970	group_I_intron
b.I1.e.E.nigra.2.E.SSU.989	Exophiala nigra	52866	group_I_intron
d.5.e.F.neoformans.1	Cryptococcus neoformans	5207	rRNA_5S
d.5.e.F.hygrometrica	Funaria hygrometrica	29583	rRNA_5S
d.5.e.G.riobambae	Gastrotheca riobambae	8420	rRNA_5S
a.I1.e.G.spirotaenia.C1.SSU.1506	Genicularia spirotaenia	31316	group_I_intron
a.I1.c.G.prostrata.C3.tLEU	Gentiana prostrata	49951	group_I_intron
d.5.b.G.stearothermophilus.1	Geobacillus stearothermophilus	1422	rRNA_5S
d.5.b.G.stearothermophilus.2	Geobacillus stearothermophilus	1422	rRNA_5S
d.5.b.G.stearothermophilus.4	Geobacillus stearothermophilus	1422	rRNA_5S
d.5.b.G.stearothermophilus.3	Geobacillus stearothermophilus	1422	rRNA_5S
d.5.e.G.biloba	Ginkgo biloba	3311	rRNA_5S
a.16.c.G.nostochinearum	Glaucocystis nostochinearum	38271	small_subunit_rRNA
a.16.c.G.wittrockiana	Gloeochaete wittrockiana	38269	small_subunit_rRNA
a.I1.e.G.planctonica.C1.SSU.943	Gloeotilopsis planctonica	34157	group_I_intron
d.5.e.G.gnemon	Gnetum gnemon	3382	rRNA_5S
d.5.e.G.arboreum	Gossypium arboreum	29729	rRNA_5S
d.5.b.G.hollisae	Grimontia hollisae	673	rRNA_5S
d.5.e.H.japonica	Halichondria japonica	6062	rRNA_5S
d.5.e.H.oculata	Haliclona oculata	6058	rRNA_5S
d.5.a.H.marismortui	Haloarcula marismortui	2238	rRNA_5S
d.5.a.H.salinarum.1	Halobacterium salinarum	2242	rRNA_5S
d.5.a.H.salinarum.2	Halobacterium salinarum	2242	rRNA_5S
d.16.a.Halobacterium.sp	Halobacterium salinarum NRC-1	64091	small_subunit_rRNA
d.5.a.H.morrhuae.2	Halococcus morrhuae	2250	rRNA_5S
d.5.a.H.morrhuae.1	Halococcus morrhuae	2250	rRNA_5S
d.5.a.H.mediterranei.1	Haloferax mediterranei	2252	rRNA_5S
d.16.m.F.catus	Felis catus	9685	mt_rRNA
b.16.m.G.gallus	Gallus gallus	9031	mt_rRNA
b.16.m.G.max	Glycine max	3847	mt_rRNA
d.16.m.G.gorilla	Gorilla gorilla	9593	mt_rRNA
d.5.a.H.volcanii	Haloferax volcanii	2246	rRNA_5S
d.16.a.H.volcanii	Haloferax volcanii	2246	small_subunit_rRNA
d.5.b.H.halophila	Halorhodospira halophila	1053	rRNA_5S
d.5.a.H.saccharovorum	Halorubrum saccharovorum	2248	rRNA_5S
d.5.e.Hemicentrotus.sp	Hemicentrotus sp.	7651	rRNA_5S
d.16.c.H.akashiwo	Heterosigma akashiwo	2829	small_subunit_rRNA
b.I1.e.H.rubra.1.C1.SSU.1506	Hildenbrandia rubra	31481	group_I_intron
d.5.e.H.sapiens.1	Homo sapiens	9606	rRNA_5S
d.5.e.H.sapiens.2	Homo sapiens	9606	rRNA_5S
d.5.e.H.sapiens.3	Homo sapiens	9606	rRNA_5S
d.5.e.H.sapiens.4	Homo sapiens	9606	rRNA_5S
d.5.e.H.sapiens.5	Homo sapiens	9606	rRNA_5S
d.5.e.H.sapiens.6	Homo sapiens	9606	rRNA_5S
d.16.c.H.africana	Hydnora africana	50133	small_subunit_rRNA
d.5.e.H.sanguinea	Hymeniacidon perlevis	6066	rRNA_5S
d.5.e.I.iguana	Iguana iguana	8517	rRNA_5S
d.5.e.I.illecebrosus	Illex illecebrosus	6629	rRNA_5S
d.5.e.K.microsticta	Kabatiella microsticta	5423	rRNA_5S
a.I2.m.K.lactis.A.OX1.i1	Kluyveromyces lactis	28985	group_II_intron
a.I2.b.L.lactis.A.LtrB.i1	Lactococcus lactis	1358	group_II_intron
d.5.e.L.decidua	Larix decidua	71402	rRNA_5S
d.16.m.H.auropunctatus	Urva auropunctata	48418	mt_rRNA
d.16.m.H.sapiens.5	Homo sapiens	9606	mt_rRNA
d.16.m.H.sapiens.geno	Homo sapiens	9606	mt_rRNA
d.16.m.H.lar.2	Hylobates lar	9580	mt_rRNA
d.16.m.H.lar.geno	Hylobates lar	9580	mt_rRNA
d.16.m.H.moschatus	Hypsiprymnodon moschatus	65631	mt_rRNA
a.16.m.L.tarentolae	Leishmania tarentolae	5689	mt_rRNA
d.16.m.L.catta	Lemur catta	9447	mt_rRNA
d.5.e.L.japonicum	Lethenteron camtschaticum	94989	rRNA_5S
d.5.e.L.geniculatus	Notospermus geniculatus	6224	rRNA_5S
d.5.e.L.usitatissimum	Linum usitatissimum	4006	rRNA_5S
d.5.b.L.anguillarum	Vibrio anguillarum	55601	rRNA_5S
d.5.b.L.pelagia	Vibrio pelagius	28169	rRNA_5S
a.I1.c.C.pallidostigmatica.B4.LSU.1931	Lobochlamys segnis	52035	group_I_intron
d.5.e.L.luteus	Lupinus luteus	3873	rRNA_5S
a.I1.m.M.grisea.B2.ND1	Pyricularia grisea	148305	group_I_intron
a.I2.m.M.polymorpha.B.trnS.i1	Marchantia polymorpha	3197	group_II_intron
d.16.c.M.polymorpha	Marchantia polymorpha	3197	small_subunit_rRNA
a.I2.m.M.polymorpha.A.SSU.911	Marchantia polymorpha	3197	group_II_intron
d.5.e.M.auratus	Mesocricetus auratus	10036	rRNA_5S
a.I1.e.M.caldariorum.C1.SSU.1506	Mesotaenium caldariorum	31321	group_I_intron
d.5.e.M.glyptostroboides	Metasequoia glyptostroboides	3371	rRNA_5S
d.5.a.M.formicicum	Methanobacterium formicicum	2162	rRNA_5S
d.16.a.M.formicicum	Methanobacterium formicicum	2162	small_subunit_rRNA
d.5.a.M.jannaschii.rrnA	Methanocaldococcus jannaschii	2190	rRNA_5S
d.5.a.M.jannaschii.rrnB	Methanocaldococcus jannaschii	2190	rRNA_5S
d.16.a.M.vannielii	Methanococcus vannielii	2187	small_subunit_rRNA
d.5.a.M.tindarius.1	Methanolobus tindarius	2221	rRNA_5S
d.5.a.M.barkeri	Methanosarcina barkeri	2208	rRNA_5S
d.5.a.M.vacuolata	Methanosarcina vacuolata	2215	rRNA_5S
d.16.a.M.hungatei	Methanospirillum hungatei	2203	small_subunit_rRNA
d.5.a.M.thermautotrophicus.1	Methanothermobacter thermautotrophicus	145262	rRNA_5S
d.16.a.M.thermautotrophicus.1	Methanothermobacter thermautotrophicus	145262	small_subunit_rRNA
d.16.a.M.thermautotrophicus.2	Methanothermobacter thermautotrophicus	145262	small_subunit_rRNA
d.5.a.M.thermolithotrophicus.2	Methanothermococcus thermolithotrophicus	2186	rRNA_5S
d.5.a.M.fervidus	Methanothermus fervidus	2180	rRNA_5S
a.I1.m.M.senile.B1.OX1	Metridium senile	6116	group_I_intron
a.I1.m.M.senile.B2.ND5	Metridium senile	6116	group_I_intron
d.5.b.M.luteus	Micrococcus luteus	1270	rRNA_5S
d.5.e.M.salmoides	Micropterus salmoides	27706	rRNA_5S
d.5.e.M.fossilis	Misgurnus fossilis	7984	rRNA_5S
a.I1.e.M.fructicola.C1.SSU.943	Monilinia fructicola	38448	group_I_intron
a.I1.e.M.scalaris.C1.SSU.1506	Mougeotia scalaris	13158	group_I_intron
d.5.e.M.musculus	Mus musculus	10090	rRNA_5S
b.16.m.L.crassicaudata	Lutreolina crassicaudata	38620	mt_rRNA
b.16.m.M.giganteus	Macropus giganteus	9317	mt_rRNA
d.16.m.Manis.sp	Manis sp.	49127	mt_rRNA
b.16.m.M.polymorpha	Marchantia polymorpha	3197	mt_rRNA
d.16.m.M.auratus	Mesocricetus auratus	10036	mt_rRNA
b.16.m.M.senile	Metridium senile	6116	mt_rRNA
d.16.m.M.musculus	Mus musculus	10090	mt_rRNA
a.I2.c.N.tabacum.A.trnV.i1	Nicotiana tabacum	4097	group_II_intron
a.I2.c.N.tabacum.A.L2.i1	Nicotiana tabacum	4097	group_II_intron
a.I2.c.N.tabacum.B.ND2.i1	Nicotiana tabacum	4097	group_II_intron
a.I2.c.N.tabacum.B.trnG.i1	Nicotiana tabacum	4097	group_II_intron
a.I2.c.N.tabacum.A.A6.i1	Nicotiana tabacum	4097	group_II_intron
a.I2.c.N.tabacum.A.trnI.i1	Nicotiana tabacum	4097	group_II_intron
a.I2.c.N.tabacum.A.trnA.i1	Nicotiana tabacum	4097	group_II_intron
a.I2.c.N.tabacum.B.RPC1.i1	Nicotiana tabacum	4097	group_II_intron
a.I2.c.N.tabacum.B.pD.i1	Nicotiana tabacum	4097	group_II_intron
a.I2.c.N.tabacum.B.pB.i1	Nicotiana tabacum	4097	group_II_intron
a.I2.c.N.tabacum.A.S12.i2	Nicotiana tabacum	4097	group_II_intron
a.I2.c.N.tabacum.B.S16.i1	Nicotiana tabacum	4097	group_II_intron
a.I2.c.N.tabacum.B.L16.i1	Nicotiana tabacum	4097	group_II_intron
a.I2.c.N.tabacum.B.ND1.i1	Nicotiana tabacum	4097	group_II_intron
d.16.c.N.tabacum	Nicotiana tabacum	4097	small_subunit_rRNA
a.I2.c.N.tabacum.A.trnK.i1	Nicotiana tabacum	4097	group_II_intron
b.16.m.N.olivacea	Nephroselmis olivacea	31312	mt_rRNA
b.16.m.N.crassa	Neurospora crassa	5141	mt_rRNA
d.5.e.N.viridescens	Notophthalmus viridescens	8316	rRNA_5S
d.5.e.O.cervicalis	Onchocerca cervicalis	35522	rRNA_5S
d.5.e.O.sativa.1	Oryza sativa	4530	rRNA_5S
d.5.e.O.sativa.2	Oryza sativa	4530	rRNA_5S
d.16.c.P.palmata	Palmaria palmata	2822	small_subunit_rRNA
d.5.e.P.tetraurelia	Paramecium tetraurelia	5888	rRNA_5S
d.16.c.P.minor	Pedinomonas minor	3159	small_subunit_rRNA
a.I1.e.P.clavariiformis.C1.SSU.943	Penicilliopsis clavariiformis	70111	group_I_intron
d.5.e.P.brevicirris	Perinereis brevicirris	6356	rRNA_5S
d.5.e.P.hybrida.1	Petunia x hybrida	4102	rRNA_5S
d.5.e.P.hybrida.2	Petunia x hybrida	4102	rRNA_5S
d.5.e.S.kowalevskii	Saccoglossus kowalevskii	10224	rRNA_5S
a.I2.m.P.hybrida.A.OX2.i1	Petunia x hybrida	4102	group_II_intron
d.5.e.P.gouldii	Phascolopsis gouldii	6442	rRNA_5S
a.I1.b.Phormidium.sp.N182.C3.tLEU	Phormidium sp.	1199	group_I_intron
d.5.b.P.angustum	Photobacterium angustum	661	rRNA_5S
d.5.b.P.damselae	Photobacterium damselae subsp. damselae	85581	rRNA_5S
d.5.b.Photobacterium.sp	Photobacterium sp.	660	rRNA_5S
a.I1.e.P.polycephalum.C1.LSU.1925	Physarum polycephalum	5791	group_I_intron
d.5.e.Phytomonas.sp	Phytomonas sp. isolate Alp1	134003	rRNA_5S
d.16.a.P.torridus	Picrophilus torridus DSM 9790	263820	small_subunit_rRNA
d.16.c.P.thurberi	Pilostyles thurberi	51500	small_subunit_rRNA
d.5.e.P.radiata	Pinus radiata	3347	rRNA_5S
a.I1.c.P.thunbergii.C3.tLEU	Pinus thunbergii	3350	group_I_intron
a.I2.m.P.sativum.B.S10.i1	Pisum sativum	3888	group_II_intron
d.5.b.P.brasiliensis	Rubinisphaera brasiliensis	119	rRNA_5S
d.5.e.P.reticulata	Planocera reticulata	6168	rRNA_5S
d.16.c.P.falciparum	Plasmodium falciparum	5833	small_subunit_rRNA
d.233.c.P.falciparum	Plasmodium falciparum	5833	large_subunit_rRNA
d.235.c.P.falciparum	Plasmodium falciparum	5833	large_subunit_rRNA
d.16.b.O.agardhii	Planktothrix agardhii	1160	rRNA_16S
d.16.m.N.typhlops	Notoryctes typhlops	37699	mt_rRNA
d.16.m.N.robinsoni	Nyctimene robinsoni	58079	mt_rRNA
d.16.m.O.virginianus	Odocoileus virginianus	9874	mt_rRNA
b.16.m.O.berteriana	Oenothera berteroana	3950	mt_rRNA
b.16.m.O.mykiss	Oncorhynchus mykiss	8022	mt_rRNA
d.16.m.O.anatinus	Ornithorhynchus anatinus	9258	mt_rRNA
d.16.m.O.afer	Orycteropus afer	9818	mt_rRNA
d.16.m.O.cuniculus	Oryctolagus cuniculus	9986	mt_rRNA
d.16.m.O.aries	Ovis aries	9940	mt_rRNA
b.16.m.P.troglodytes	Pan troglodytes	9598	mt_rRNA
b.16.m.P.lividus	Paracentrotus lividus	7656	mt_rRNA
b.16.m.P.tetraurelia	Paramecium tetraurelia	5888	mt_rRNA
b.16.m.P.minor	Pedinomonas minor	3159	mt_rRNA
b.16.m.P.chrysogenum	Penicillium chrysogenum	5076	mt_rRNA
d.16.m.P.cinereus	Phascolarctos cinereus	38626	mt_rRNA
d.16.m.P.polycephalum	Physarum polycephalum	5791	mt_rRNA
d.16.c.P.vivax	Plasmodium vivax	5855	small_subunit_rRNA
d.5.b.P.shigelloides	Plesiomonas shigelloides	703	rRNA_5S
d.5.e.P.waltl	Pleurodeles waltl	8319	rRNA_5S
a.I1.e.P.carinii.Pc2.C1.LSU.1921	Pneumocystis carinii	4754	group_I_intron
a.I1.e.P.carinii.Pc1.C1.LSU.1921	Pneumocystis carinii	4754	group_I_intron
a.I1.e.P.carinii.Pc3.C1.LSU.1921	Pneumocystis carinii	4754	group_I_intron
a.I1.e.P.carinii.C1.SSU.1506	Pneumocystis carinii	4754	group_I_intron
a.I1.m.P.anserina.D.CYTB	Podospora anserina	5145	group_I_intron
a.I1.m.P.anserina.C1.ND4L.i1	Podospora anserina	5145	group_I_intron
a.I1.m.P.anserina.C1.ND1.i1	Podospora anserina	5145	group_I_intron
a.I1.m.P.anserina.C1.ND4L.i2	Podospora anserina	5145	group_I_intron
a.I1.m.P.anserina.B2.ND1.i4	Podospora anserina	5145	group_I_intron
a.I2.m.P.anserina.A.ND5.i4	Podospora anserina	5145	group_II_intron
d.16.c.P.obtusum	Polytoma obtusum	40530	small_subunit_rRNA
d.16.c.P.oviforme	Polytoma oviforme	40531	small_subunit_rRNA
d.16.c.P.uvella	Polytoma uvella	40532	small_subunit_rRNA
b.I1.e.P.leucosticta.C1.SSU.516	Pyropia leucosticta	35146	group_I_intron
a.I1.e.P.spiralis.B.C1.SSU.1506	Pyropia spiralis	31350	group_I_intron
a.I1.e.P.spiralis.D.C1.SSU.1506	Pyropia spiralis	31350	group_I_intron
a.I1.e.P.spiralis.R.C1.SSU.1506	Pyropia spiralis	31350	group_I_intron
a.I1.e.P.yezoensis.C1.SSU.516	Pyropia yezoensis	2788	group_I_intron
d.5.e.P.coxalis	Proasellus coxalis	63229	rRNA_5S
a.I1.b.P.hollandica.1.C3.trnL	Prochlorothrix hollandica	1223	group_I_intron
d.5.b.P.vulgaris	Proteus vulgaris	585	rRNA_5S
a.I1.e.P.sarcinoidea.C1.SSU.943	Rhexinema sarcinoideum	53263	group_I_intron
a.I1.e.P.inouyei.C1.SSU.943	Protomyces inouyei	27332	group_I_intron
a.I1.e.P.inouyei.C1.SSU.1506	Protomyces inouyei	27332	group_I_intron
a.I1.e.P.macrosporus.C1.SSU.943	Protomyces macrosporus	48147	group_I_intron
a.I1.e.P.macrosporus.C1.SSU.1506	Protomyces macrosporus	48147	group_I_intron
a.I1.e.P.pachydermus.C1.SSU.943	Protomyces pachydermus	48148	group_I_intron
a.I1.e.P.pachydermus.C1.SSU.1506	Protomyces pachydermus	48148	group_I_intron
d.16.c.P.wickerhamii	Prototheca wickerhamii	3111	small_subunit_rRNA
d.5.b.P.aeruginosa.1	Pseudomonas aeruginosa	287	rRNA_5S
d.5.b.P.aeruginosa.2	Pseudomonas aeruginosa	287	rRNA_5S
d.5.b.P.fluorescens	Pseudomonas fluorescens	294	rRNA_5S
d.5.b.P.stutzeri	Pseudomonas stutzeri	316	rRNA_5S
d.5.b.P.stutzeri.2	Pseudomonas stutzeri	316	rRNA_5S
d.5.b.P.hydrocarbonoxydans	Pseudonocardia hydrocarbonoxydans	76726	rRNA_5S
b.16.m.P.anserina	Podospora anserina	5145	mt_rRNA
b.16.m.P.dolloi	Protopterus dolloi	27779	mt_rRNA
b.16.m.P.wickerhamii	Prototheca wickerhamii	3111	mt_rRNA
a.I2.m.P.littoralis.B.LSU.2509	Pylaiella littoralis	2885	group_II_intron
a.I2.m.P.littoralis.B.LSU.2451	Pylaiella littoralis	2885	group_II_intron
d.16.c.P.littoralis	Pylaiella littoralis	2885	small_subunit_rRNA
a.I2.m.P.littoralis.B.LSU.575	Pylaiella littoralis	2885	group_II_intron
a.I2.m.P.littoralis.B.LSU.1787	Pylaiella littoralis	2885	group_II_intron
d.16.c.P.parkeae	Pyramimonas parkeae	36894	small_subunit_rRNA
d.5.a.P.aerophilum	Pyrobaculum aerophilum	13773	rRNA_5S
d.16.a.P.abyssi	Pyrococcus abyssi	29292	small_subunit_rRNA
d.16.a.P.furiosus	Pyrococcus furiosus	2261	small_subunit_rRNA
d.16.a.P.horikoshii	Pyrococcus horikoshii	53953	small_subunit_rRNA
d.5.a.P.woesei	Pyrococcus woesei	2262	rRNA_5S
d.5.a.P.occultum	Pyrodictium occultum	2309	rRNA_5S
d.5.e.R.norvegicus.1	Rattus norvegicus	10116	rRNA_5S
d.5.e.R.norvegicus.2	Rattus norvegicus	10116	rRNA_5S
d.5.e.R.norvegicus.3	Rattus norvegicus	10116	rRNA_5S
d.5.b.R.capsulatus	Rhodobacter capsulatus	1061	rRNA_5S
d.16.c.R.communis	Ricinus communis	3988	small_subunit_rRNA
d.5.e.S.cerevisiae	Saccharomyces cerevisiae	4932	rRNA_5S
a.I2.m.S.cerevisiae.B.OX1.i5	Saccharomyces cerevisiae	4932	group_II_intron
a.I1.m.S.cerevisiae.A1.LSU.2449	Saccharomyces cerevisiae	4932	group_I_intron
a.I2.m.S.cerevisiae.A.OX1.i1	Saccharomyces cerevisiae	4932	group_II_intron
h.I2.m.S.cerevisiae.B.OX1.i5.hlxnum	Saccharomyces cerevisiae	4932	group_II_intron
h.I2.m.S.cerevisiae.A.OX1.i1.hlxnum	Saccharomyces cerevisiae	4932	group_II_intron
s.I2.m.S.cerevisiae.B.OX1.i5.schem	Saccharomyces cerevisiae	4932	group_II_intron
s.I2.m.S.cerevisiae.A.OX1.i1.schem	Saccharomyces cerevisiae	4932	group_II_intron
d.5.e.S.cynthia.XBM	Samia cynthia ricini x Bombyx mori	116777	rRNA_5S
a.I2.m.S.obliquus.B.LSU.2455	Tetradesmus obliquus	3088	group_II_intron
d.5.e.S.aggregatum	Schizochytrium aggregatum	4773	rRNA_5S
d.5.e.S.pombe.1	Schizosaccharomyces pombe	4896	rRNA_5S
d.5.e.S.pombe.6	Schizosaccharomyces pombe	4896	rRNA_5S
a.I1.m.S.pombe.B1.OX1	Schizosaccharomyces pombe	4896	group_I_intron
a.I1.e.S.sclerotiorum_1837.C1.LSU.798	Sclerotinia sclerotiorum	5180	group_I_intron
a.I1.m.S.sclerotiorum.C2.SSU.570	Sclerotinia sclerotiorum	5180	group_I_intron
d.5.e.S.canicula	Scyliorhinus canicula	7830	rRNA_5S
a.I1.b.S.hofmanii.C3.tMET	Scytonema hofmannii	34078	group_I_intron
b.16.m.P.littoralis	Pylaiella littoralis	2885	mt_rRNA
b.16.m.R.catesbeiana	Lithobates catesbeianus	8400	mt_rRNA
d.16.m.R.norvegicus	Rattus norvegicus	10116	mt_rRNA
d.16.m.R.unicornis	Rhinoceros unicornis	9809	mt_rRNA
b.16.m.S.cerevisiae	Saccharomyces cerevisiae	4932	mt_rRNA
b.16.m.S.salar	Salmo salar	8030	mt_rRNA
d.16.m.S.aquaticus	Scalopus aquaticus	71119	mt_rRNA
d.16.m.S.aestuans	Guerlinguetus aestuans	84648	mt_rRNA
b.16.m.S.canicula	Scyliorhinus canicula	7830	mt_rRNA
b.16.m.S.cereale	Secale cereale	4550	mt_rRNA
d.5.e.S.officinalis	Sepia officinalis	6610	rRNA_5S
d.5.b.S.colwelliana	Shewanella colwelliana	23	rRNA_5S
d.5.b.S.hanedai	Shewanella hanedai	25	rRNA_5S
d.5.b.S.putrefaciens	Shewanella putrefaciens	24	rRNA_5S
a.I1.b.S.negevensis.B4.LSU.1931	Simkania negevensis	83561	group_I_intron
d.16.c.S.pseudocostatum	Skeletonema pseudocostatum	41457	small_subunit_rRNA
a.I1.c.S.bicolor.C3.tLEU	Sorghum bicolor	4558	group_I_intron
a.I1.c.S.alterniflora.C3.tLEU	Sporobolus alterniflorus	29706	group_I_intron
a.I1.c.S.anglica.C3.tLEU	Sporobolus anglicus	49785	group_I_intron
a.I1.c.S.maritima.C3.tLEU	Sporobolus maritimus	49786	group_I_intron
a.I1.c.S.x.townsendii.C3.tLEU	Sporobolus x townsendii	198504	group_I_intron
a.I1.e.S.granulatum.C1.SSU.1506	Teilingia granulata	35867	group_I_intron
d.16.c.S.oleracea	Spinacia oleracea	3562	small_subunit_rRNA
d.235.c.S.oleracea	Spinacia oleracea	3562	large_subunit_rRNA
d.233.c.S.oleracea	Spinacia oleracea	3562	large_subunit_rRNA
d.5.b.S.pasteurii	Sporosarcina pasteurii	1474	rRNA_5S
d.5.b.S.aureus	Staphylococcus aureus	1280	rRNA_5S
a.I1.e.Staurastrum.sp.M752.C1.SSU.1506	Staurastrum sp. M752	31318	group_I_intron
a.I1.e.Staurastrum.sp.M753.C1.SSU.1506	Staurastrum sp. M753	76048	group_I_intron
a.I1.e.S.paniceum.UNK.SSU.114	Stegobium paniceum yeast-like symbiont	48274	group_I_intron
a.I1.e.S.paniceum.UNK.SSU.287	Stegobium paniceum yeast-like symbiont	48274	group_I_intron
a.I1.e.S.paniceum.UNK.SSU.1052	Stegobium paniceum yeast-like symbiont	48274	group_I_intron
a.I1.e.S.paniceum.UNK.SSU.1210	Stegobium paniceum yeast-like symbiont	48274	group_I_intron
a.I1.e.S.paniceum.UNK.SSU.1506	Stegobium paniceum yeast-like symbiont	48274	group_I_intron
d.5.e.S.oshimae	Stichopus oshimae	7693	rRNA_5S
a.I1.m.S.luteus.A1.LSU.2504	Suillus luteus	5384	group_I_intron
a.I1.m.S.luteus.B4.LSU.1923	Suillus luteus	5384	group_I_intron
a.I1.m.S.luteus.A1.LSU.2449	Suillus luteus	5384	group_I_intron
a.I1.m.S.luteus.B2.LSU.1974	Suillus luteus	5384	group_I_intron
a.I1.m.S.luteus.B4.LSU.2500	Suillus luteus	5384	group_I_intron
a.I1.m.S.luteus.C2.LSU.1949	Suillus luteus	5384	group_I_intron
a.I1.m.S.luteus.C2.LSU.1685	Suillus luteus	5384	group_I_intron
d.5.a.S.solfataricus	Saccharolobus solfataricus	2287	rRNA_5S
d.16.a.S.solfataricus	Saccharolobus solfataricus	2287	small_subunit_rRNA
d.16.a.S.solfataricus.2	Saccharolobus solfataricus	2287	small_subunit_rRNA
d.5.a.Sulfolobus.sp.B12	Sulfolobus sp.	2288	rRNA_5S
d.5.b.Synechococcus.sp	Synechococcus elongatus PCC 6301	269084	rRNA_5S
a.I1.b.Synechococcus.sp2.C3.tLEU	Synechococcus elongatus PCC 6301	269084	group_I_intron
a.I1.e.T.cosmopolitanis.C1.LSU.1925	Tetrahymena cosmopolitanis	5921	group_I_intron
a.I1.e.T.hyperangularis.C1.LSU.1925	Tetrahymena hyperangularis	5899	group_I_intron
a.I1.e.T.malaccensis.C1.LSU.1925	Tetrahymena malaccensis	5901	group_I_intron
a.I1.e.T.pigmentosa.C1.LSU.1925	Tetrahymena pigmentosa	5907	group_I_intron
d.5.e.T.thermophila.2	Tetrahymena thermophila	5911	rRNA_5S
b.I1.e.T.thermophila.C1.LSU.1925	Tetrahymena thermophila	5911	group_I_intron
s.I1.e.T.thermophila.C1.LSU.1925.schem	Manueliini	600401	group_I_intron
d.5.a.T.celer.1	Thermococcus celer	2264	rRNA_5S
d.16.a.T.celer	Thermococcus celer	2264	small_subunit_rRNA
d.5.a.T.acidophilum	Thermoplasma acidophilum	2303	rRNA_5S
d.16.a.T.acidophilum	Thermoplasma acidophilum	2303	small_subunit_rRNA
d.16.a.T.tenax	Thermoproteus tenax	2271	small_subunit_rRNA
d.5.b.T.aquaticus	Thermus aquaticus	271	rRNA_5S
d.5.b.Thermus.sp	Thermus sp.	275	rRNA_5S
d.5.b.T.thermophilus	Thermus thermophilus	274	rRNA_5S
d.5.b.T.thermophilus.2	Thermus thermophilus	274	rRNA_5S
d.5.b.T.thermophilus.1	Thermus thermophilus	274	rRNA_5S
d.16.m.S.sinuspaulianus	Suillus sinuspaulianus	5381	mt_rRNA
d.16.m.S.scrofa	Sus scrofa	9823	mt_rRNA
d.16.m.T.syrichta	Carlito syrichta	9478	mt_rRNA
b.16.m.T.pyriformis	Tetrahymena pyriformis	5908	mt_rRNA
d.5.b.T.nivea	Thiothrix nivea	1031	rRNA_5S
d.5.b.Thiothrix.sp	Thiothrix sp.	1032	rRNA_5S
d.16.c.T.gondii	Toxoplasma gondii	5811	small_subunit_rRNA
a.I1.m.T.papilionaceus.B2.LSU.1939	Trimorphomyces papilionaceus	5221	group_I_intron
d.5.e.T.aestivum	Triticum aestivum	4565	rRNA_5S
d.5.e.T.monococcum	Triticum monococcum	4568	rRNA_5S
d.5.e.T.borreli	Trypanoplasma borreli	5710	rRNA_5S
d.5.e.T.cruzi	Trypanosoma cruzi	5693	rRNA_5S
d.5.e.U.unicinctus	Urechis unicinctus	6432	rRNA_5S
a.I1.e.U.maydis.C1.SSU.943	Ustilago maydis	5270	group_I_intron
d.5.b.V.alginolyticus	Vibrio alginolyticus	663	rRNA_5S
d.5.b.V.cincinnatiensis	Vibrio cincinnatiensis	675	rRNA_5S
d.5.b.V.diazotrophicus	Vibrio diazotrophicus	685	rRNA_5S
d.5.b.V.fluvialis	Vibrio fluvialis	676	rRNA_5S
d.5.b.V.gazogenes	Vibrio gazogenes	687	rRNA_5S
d.5.b.V.harveyi.1	Vibrio harveyi	669	rRNA_5S
d.5.b.V.harveyi.2	Vibrio harveyi	669	rRNA_5S
d.5.b.V.mediterranei	Vibrio mediterranei	689	rRNA_5S
d.5.b.V.metschnikovii	Vibrio metschnikovii	28172	rRNA_5S
d.5.b.V.mimicus	Vibrio mimicus	674	rRNA_5S
d.5.b.V.natriegens	Vibrio natriegens	691	rRNA_5S
d.5.b.V.nereis	Vibrio nereis	693	rRNA_5S
d.5.b.V.ordalii	Vibrio ordalii	28174	rRNA_5S
d.5.b.V.parahaemolyticus.1	Vibrio parahaemolyticus	670	rRNA_5S
d.5.b.V.proteolyticus	Vibrio proteolyticus	671	rRNA_5S
d.5.b.Vibrio.sp	Vibrio sp.	678	rRNA_5S
d.5.b.V.tubiashii	Vibrio tubiashii	29498	rRNA_5S
d.5.b.V.vulnificus	Vibrio vulnificus	672	rRNA_5S
b.16.m.T.aestivum	Triticum aestivum	4565	mt_rRNA
a.16.m.T.brucei	Trypanosoma brucei	5691	mt_rRNA
d.16.m.V.ursinus	Vombatus ursinus	29139	mt_rRNA
b.16.m.W.saturnus.m	Cyberlindnera mrakii	4963	mt_rRNA
d.16.m.X.laevis	Xenopus laevis	8355	mt_rRNA
d.16.m.Z.californianus	Zalophus californianus	9704	mt_rRNA
a.I2.m.Z.mays.A.OX2.i1	Zea mays	4577	group_II_intron
d.16.c.Z.mays	Zea mays	4577	small_subunit_rRNA
d.233.c.Z.mays	Zea mays	4577	large_subunit_rRNA
d.235.c.Z.mays	Zea mays	4577	large_subunit_rRNA
a.I1.e.Z.circumcarinata.C1.SSU.1506	Zygnema circumcarinatum	35869	group_I_intron
d.16.b.u.proteobacterium	unidentified proteobacterium	2722	rRNA_16S
d.16.m.Z.mays	Zea mays	4577	mt_rRNA
a.I1.e.C.luteoviridis.B.C1.SSU.1052	Jaagichlorella luteoviridis	31301	group_I_intron
a.I1.e.C.mirabilis.C1.SSU.1506	Edaphochlorella mirabilis	3083	group_I_intron
b.I1.e.C.saccharophila.C1.SSU.156	Chloroidium saccharophilum	3082	group_I_intron
a.I1.m.A.castellanii.B4.LSU.1931	Acanthamoeba castellanii	5755	group_I_intron
b.I1.e.A.griffini.2.C1.SSU.516	Acanthamoeba griffini	29195	group_I_intron
b.I1.e.A.griffini.1.C1.SSU.516	Acanthamoeba griffini	29195	group_I_intron
d.5.e.A.tabira	Acheilognathus tabira	78079	rRNA_5S
d.5.e.A.domesticus	Acheta domesticus	6997	rRNA_5S
d.5.b.A.ferrooxidans.1	Acidithiobacillus ferrooxidans	920	rRNA_5S
d.5.b.A.ferrooxidans.2	Acidithiobacillus ferrooxidans	920	rRNA_5S
d.5.b.A.thiooxidans	Acidithiobacillus thiooxidans	930	rRNA_5S
d.5.e.A.equina	Actinia equina	6106	rRNA_5S
d.5.b.A.madurae	Actinomadura madurae	1993	rRNA_5S
d.5.e.A.magnoliae	Acyrthosiphon magnoliae	7030	rRNA_5S
d.16.a.A.pernix.K1	Aeropyrum pernix	56636	small_subunit_rRNA
d.5.b.A.tumefaciens	Agrobacterium tumefaciens	358	rRNA_5S
a.I1.m.A.aegerita.C2.SSU	Agrocybe aegerita	5400	group_I_intron
a.I2.m.A.aegerita.B.LSU.2059	Agrocybe aegerita	5400	group_II_intron
a.I1.e.A.capsulatus.G184B.C1.SSU	Histoplasma capsulatum	5037	group_I_intron
a.I1.e.A.capsulatus.G186B.C1.SSU	Histoplasma capsulatum	5037	group_I_intron
a.I1.e.A.capsulatus.CBS213.53.C1.SSU.943	Histoplasma capsulatum	5037	group_I_intron
a.I1.e.A.capsulatus.FLs1.C1.SSU	Histoplasma capsulatum	5037	group_I_intron
d.5.b.A.faecalis.1	Alcaligenes faecalis	511	rRNA_5S
a.I1.e.A.stipitatus.C1.SSU.1046	Ankistrodesmus stipitatus	3109	group_I_intron
a.I1.c.A.cherimola.C3.tLEU	Annona cherimola	49314	group_I_intron
d.5.e.A.pernyi	Antheraea pernyi	7119	rRNA_5S
d.16.b.A.vinosum	Allochromatium vinosum	1049	rRNA_16S
d.16.b.Anabaena.sp	Anabaena sp.	1167	rRNA_16S
d.16.b.A.aeolicus	Aquifex aeolicus	63363	rRNA_16S
d.16.b.A.pyrophilus	Aquifex pyrophilus	2714	rRNA_16S
d.16.b.A.capsulatum	Acidobacterium capsulatum	33075	rRNA_16S
d.16.b.A.calcoaceticus	Acinetobacter calcoaceticus	471	rRNA_16S
b.16.m.A.platyrhynchos	Anas platyrhynchos	8839	mt_rRNA
d.16.m.A.americana	Antilocapra americana	9891	mt_rRNA
d.16.a.A.fulgidus	Archaeoglobus fulgidus	2234	small_subunit_rRNA
d.5.e.A.salina	Artemia salina	85549	rRNA_5S
d.5.b.A.globiformis.2	Arthrobacter globiformis	1665	rRNA_5S
d.5.b.A.globiformis.1	Arthrobacter globiformis	1665	rRNA_5S
d.5.b.A.oxydans	Pseudarthrobacter oxydans	1671	rRNA_5S
a.I1.e.A.adeninivorans.C1.LSU.2449	Blastobotrys adeninivorans	37620	group_I_intron
d.5.e.A.immersus.1	Ascobolus immersus	5191	rRNA_5S
d.5.e.A.aquaticus	Asellus aquaticus	92525	rRNA_5S
d.5.e.A.aurita.2	Aurelia aurita	6145	rRNA_5S
b.I1.e.A.lagunensis.C1.SSU.516	Aureoumbra lagunensis	44058	group_I_intron
d.5.b.A.vinelandii	Azotobacter vinelandii	354	rRNA_5S
d.16.c.B.bovis	Babesia bovis	5865	small_subunit_rRNA
a.I1.b.Bacteriophage.SP01.A2.DP.g31	Bacillus virus SPO1	10685	group_I_intron
d.5.b.B.subtilis	Bacillus subtilis	1423	rRNA_5S
b.I1.e.B.atropurpurea.C1.SSU.516	Bangia atropurpurea	31347	group_I_intron
b.I1.e.B.fuscopurpurea.7.C1.SSU.516	Bangia fuscopurpurea	101920	group_I_intron
b.I1.e.B.fuscopurpurea.8.C1.SSU.516	Bangia fuscopurpurea	101920	group_I_intron
b.I1.e.B.fuscopurpurea.1.C1.SSU.516	Bangia fuscopurpurea	101920	group_I_intron
d.5.b.B.alba	Beggiatoa alba	1022	rRNA_5S
d.16.m.B.taurus	Bos taurus	9913	mt_rRNA
d.16.m.C.elegans	Caenorhabditis elegans	6239	mt_rRNA
b.16.m.C.reinhardtii	Chlamydomonas reinhardtii	3055	mt_rRNA
d.5.e.C.quinquecirrha	Chrysaora quinquecirrha	6148	rRNA_5S
a.I1.e.C.grayi.UNK.SSU.1046	Cladonia grayi	27339	group_I_intron
a.I1.e.C.grayi.UNK.SSU.1516	Cladonia grayi	27339	group_I_intron
a.I1.e.C.merochlorophea.UNK.SSU.1389	Cladonia merochlorophaea	5200	group_I_intron
a.I1.e.C.merochlorophea.UNK.SSU.1210	Cladonia merochlorophaea	5200	group_I_intron
a.I1.e.C.merochlorophea.UNK.SSU.1046	Cladonia merochlorophaea	5200	group_I_intron
a.I1.e.C.merochlorophea.UNK.SSU.1516	Cladonia merochlorophaea	5200	group_I_intron
h.5.b.E.coli.hlxnum	Escherichia coli	562	rRNA_5S
s.5.b.E.coli.schem	Escherichia coli	562	rRNA_5S
d.5.e.E.gracilis.2	Euglena gracilis	3039	rRNA_5S
d.5.e.E.gracilis.1	Euglena gracilis	3039	rRNA_5S
d.16.c.E.gracilis	Euglena gracilis	3039	small_subunit_rRNA
d.233.c.E.gracilis	Euglena gracilis	3039	large_subunit_rRNA
d.235.c.E.gracilis	Euglena gracilis	3039	large_subunit_rRNA
b.16.m.E.nidulans	Aspergillus nidulans	162425	mt_rRNA
b.16.m.D.discoideum	Dictyostelium discoideum	44689	mt_rRNA
d.16.m.D.virilis	Drosophila virilis	7244	mt_rRNA
d.16.m.D.dugon	Dugong dugon	29137	mt_rRNA
d.16.m.E.rufescens	Elephantulus rufescens	42151	mt_rRNA
d.5.e.E.eurystomus	Euplotes eurystomus	5941	rRNA_5S
a.I1.e.L.dispersa.UNK.SSU.789	Myriolecis dispersa	39935	group_I_intron
a.I1.e.L.dispersa.UNK.SSU.114	Myriolecis dispersa	39935	group_I_intron
a.I1.e.L.dispersa.UNK.SSU.287	Myriolecis dispersa	39935	group_I_intron
a.I1.e.L.dispersa.UNK.SSU.1210	Myriolecis dispersa	39935	group_I_intron
a.I1.e.L.dispersa.UNK.SSU.1516	Myriolecis dispersa	39935	group_I_intron
a.I1.e.L.dispersa.UNK.SSU.1046	Myriolecis dispersa	39935	group_I_intron
d.5.e.O.mykiss	Oncorhynchus mykiss	8022	rRNA_5S
a.I1.e.L.dispersa.UNK.SSU.516	Myriolecis dispersa	39935	group_I_intron
d.5.e.L.edodes	Lentinula edodes	5353	rRNA_5S
b.16.m.H.ardens	Harpactes ardens	59408	mt_rRNA
d.16.m.H.amphibius	Hippopotamus amphibius	9833	mt_rRNA
b.16.m.M.avellanarius	Muscardinus avellanarius	39082	mt_rRNA
d.16.m.M.putorius	Mustela putorius	9668	mt_rRNA
d.5.b.M.capricolum	Mycoplasma capricolum	2095	rRNA_5S
d.5.b.M.genitalium	Mycoplasma genitalium	2097	rRNA_5S
d.16.a.N.equitans	Nanoarchaeum equitans	160232	small_subunit_rRNA
d.5.a.N.magadii	Natrialba magadii	13769	rRNA_5S
d.16.a.N.innermongoliae	Natronobacterium innermongoliae	61609	small_subunit_rRNA
d.16.a.N.bangense	Natronorubrum bangense	61858	small_subunit_rRNA
d.5.e.N.dofleini	Nemopsis dofleini	6150	rRNA_5S
d.16.c.N.olivacea	Nephroselmis olivacea	31312	small_subunit_rRNA
a.I1.m.N.crassa.B2.ND1	Neurospora crassa	5141	group_I_intron
a.I1.m.N.crassa.C1.ND4L	Neurospora crassa	5141	group_I_intron
a.I1.c.N.tabacum.C3.tLEU	Nicotiana tabacum	4097	group_I_intron
d.16.a.P.occultum	Pyrodictium occultum	2309	small_subunit_rRNA
d.5.e.Q.petraea	Quercus petraea	38865	rRNA_5S
d.5.a.S.acidocaldarius.1	Sulfolobus acidocaldarius	2285	rRNA_5S
d.16.a.S.acidocaldarius	Sulfolobus acidocaldarius	2285	small_subunit_rRNA
s.235.a.H.marismortui.3.schem	Haloarcula marismortui	2238	rRNA_23S
d.233.a.H.marismortui.1	Haloarcula marismortui	2238	rRNA_23S
d.233.a.T.celer	Thermococcus celer	2264	rRNA_23S
d.235.a.T.celer	Thermococcus celer	2264	rRNA_23S
d.235.a.H.marismortui.1	Haloarcula marismortui	2238	rRNA_23S
n.233.a.H.marismortui.3.num	Haloarcula marismortui	2238	rRNA_23S
n.235.a.H.marismortui.3.num	Haloarcula marismortui	2238	rRNA_23S
s.233.a.H.marismortui.3.schem	Haloarcula marismortui	2238	rRNA_23S
d.16.b.B.fragilis	Bacteroides fragilis	817	rRNA_16S
d.16.b.S.megasporus	Streptomyces megasporus	44060	rRNA_16S
d.16.b.S.mashuensis	Streptomyces mashuensis	33904	rRNA_16S
d.16.b.S.macrosporus	Streptomyces macrosporus	44032	rRNA_16S
d.16.b.S.lincolnensis	Streptomyces lincolnensis	1915	rRNA_16S
d.16.b.S.limosus	Streptomyces limosus	1947	rRNA_16S
d.16.b.S.lavendulae	Streptomyces lavendulae	1914	rRNA_16S
d.16.b.B.bacilliformis	Bartonella bacilliformis	774	rRNA_16S
d.16.b.B.henselae	Bartonella henselae	38323	rRNA_16S
d.16.b.B.quintana	Bartonella quintana	803	rRNA_16S
d.16.b.S.intermedius	Streptomyces intermedius	53449	rRNA_16S
d.16.b.S.hygroscopicus	Streptomyces hygroscopicus	1912	rRNA_16S
d.16.b.Beggiatoa.sp	Beggiatoa sp. 1401-13	41216	rRNA_16S
d.16.b.S.griseus	Streptomyces griseus	1911	rRNA_16S
d.16.b.S.gougerotii	Streptomyces gougerotii	53448	rRNA_16S
d.16.b.S.glaucescens	Streptomyces glaucescens	1907	rRNA_16S
d.16.b.S.galbus	Streptomyces galbus	33898	rRNA_16S
d.16.b.S.felleus	Streptomyces felleus	53447	rRNA_16S
d.16.b.P.marina	Blastopirellula marina DSM 3645	314230	rRNA_16S
d.16.b.S.eurythermus	Streptomyces eurythermus	42237	rRNA_16S
d.16.b.S.espinosus	Streptomyces espinosus	1965	rRNA_16S
d.16.b.S.diastatochromogenes	Streptomyces diastatochromogenes	42236	rRNA_16S
d.16.b.S.diastaticus	Streptomyces diastaticus	1956	rRNA_16S
d.16.b.B.bronchiseptica2	Bordetella bronchiseptica	518	rRNA_16S
d.16.b.B.parapertussis	Bordetella parapertussis	519	rRNA_16S
d.16.b.B.pertussis	Bordetella pertussis	520	rRNA_16S
d.16.b.B.burgdorferi	Borreliella burgdorferi	139	rRNA_16S
d.16.b.B.burgdorferi.GEN	Borreliella burgdorferi	139	rRNA_16S
d.16.b.B.hermsii	Borrelia hermsii	140	rRNA_16S
d.16.b.S.coelicolor	Streptomyces coelicolor	1902	rRNA_16S
d.16.b.S.caelestis	Streptomyces caelestis	36816	rRNA_16S
d.16.b.S.brasiliensis	Streptomyces brasiliensis	1954	rRNA_16S
d.16.b.S.bottropensis	Streptomyces bottropensis	42235	rRNA_16S
d.16.b.B.hyodysenteriae	Brachyspira hyodysenteriae	159	rRNA_16S
d.16.b.B.japonicum	Bradyrhizobium japonicum	375	rRNA_16S
d.16.b.S.bluensis	Streptomyces bluensis	33897	rRNA_16S
d.16.b.S.bikiniensis	Streptomyces bikiniensis	1896	rRNA_16S
d.16.b.B.andersonii	Brevinema andersonii	34097	rRNA_16S
d.16.b.B.melitensis	Brucella melitensis	29459	rRNA_16S
d.16.b.S.ambofaciens	Streptomyces ambofaciens	1889	rRNA_16S
d.16.b.S.albus	Streptomyces albus	1888	rRNA_16S
d.16.b.B.mallei	Burkholderia mallei	13373	rRNA_16S
d.16.b.H.influenzae	Bacillus sp. CFM6	501279	rRNA_16S
d.16.b.H.foetida	Holophaga foetida	35839	rRNA_16S
d.16.b.H.aurantiacus	Herpetosiphon aurantiacus	65	rRNA_16S
d.16.b.H.chlorum	Heliobacterium chlorum	2698	rRNA_16S
d.16.b.H.pylori.J99.GEN	Helicobacter pylori J99	85963	rRNA_16S
d.16.b.H.pylori.26695.GEN	Helicobacter pylori 26695	85962	rRNA_16S
d.16.b.H.pylori2	Helicobacter pylori	210	rRNA_16S
d.16.b.H.halodenitrificans	Halomonas halodenitrificans	28252	rRNA_16S
d.16.b.V.cholerae6	Vibrio cholerae	666	rRNA_16S
d.16.b.U.urealyticum.GEN	Ureaplasma urealyticum	2130	rRNA_16S
d.16.b.U.urealyticum	Ureaplasma urealyticum	2130	rRNA_16S
d.16.b.T.pallidum.A	Treponema pallidum subsp. pallidum str. Nichols	243276	rRNA_16S
s.16.b.T.thermophilus.2.schem	Thermus thermophilus	274	rRNA_16S
s.16.b.T.thermophilus.1.schem	Thermus thermophilus	274	rRNA_16S
n.16.b.T.thermophilus.2.num	Thermus thermophilus	274	rRNA_16S
n.16.b.T.thermophilus.1.num	Thermus thermophilus	274	rRNA_16S
d.16.b.T.thermophilus.2	Thermus thermophilus	274	rRNA_16S
d.16.b.T.thermophilus.1	Thermus thermophilus	274	rRNA_16S
d.16.b.T.aquaticus	Thermus aquaticus	271	rRNA_16S
d.16.b.T.maritima	Thermotoga maritima	2336	rRNA_16S
d.16.b.T.maritima.GEN	Thermotoga maritima	2336	rRNA_16S
d.16.b.T.roseum	Thermomicrobium roseum	500	rRNA_16S
d.16.b.Synechocystis.PCC6803.GEN	Synechocystis sp. PCC 6803	1148	rRNA_16S
d.16.b.Synechococcus.sp	Synechococcus elongatus PCC 6301	269084	rRNA_16S
d.16.b.Y.pseudotuberculosis	Yersinia pseudotuberculosis	633	rRNA_16S
d.16.b.Y.pestis	Yersinia pestis	632	rRNA_16S
d.16.b.A.globiformis	Arthrobacter globiformis	1665	rRNA_16S
d.16.b.S.thermovulgaris.1	Streptomyces thermovulgaris	1934	rRNA_16S
d.16.b.S.thermovulgaris.2	Streptomyces thermovulgaris	1934	rRNA_16S
d.16.b.S.thermoviolaceus	Streptomyces thermoviolaceus	1952	rRNA_16S
d.16.b.S.thermolineatus	Streptomyces thermolineatus	44033	rRNA_16S
d.16.b.S.thermodiastaticus	Streptomyces thermodiastaticus	44061	rRNA_16S
d.16.b.A.caulinodans	Azorhizobium caulinodans	7	rRNA_16S
d.16.b.S.tendae	Streptomyces tendae	1932	rRNA_16S
d.16.b.S.subrutilus	Streptomyces subrutilus	36818	rRNA_16S
d.16.b.Streptomyces.sp	Streptomyces sp.	1931	rRNA_16S
d.16.b.S.scabiei	Streptomyces scabiei	1930	rRNA_16S
d.16.b.S.sampsonii	Streptomyces sampsonii	42239	rRNA_16S
d.16.b.S.rutgersensis	Streptomyces rutgersensis	53451	rRNA_16S
d.16.b.S.rimosus	Streptomyces rimosus	1927	rRNA_16S
d.16.b.S.purpureus	Streptomyces purpureus	1951	rRNA_16S
d.16.b.S.pseudogriseolus	Streptomyces pseudogriseolus	36817	rRNA_16S
d.16.b.S.ornatus	Streptomyces ornatus	33901	rRNA_16S
d.16.b.S.odorifer	Streptomyces odorifer	53450	rRNA_16S
d.16.b.S.nodosus	Streptomyces nodosus	40318	rRNA_16S
d.16.b.S.neyagawaensis	Streptomyces neyagawaensis	42238	rRNA_16S
d.16.b.B.anthracis	Bacillus anthracis	1392	rRNA_16S
d.16.b.B.cereus.1	Bacillus cereus	1396	rRNA_16S
d.16.b.B.halodurans	Alkalihalobacillus halodurans	86665	rRNA_16S
d.16.b.B.subtilis	Bacillus subtilis	1423	rRNA_16S
d.16.b.B.subtilis.GEN	Bacillus subtilis subsp. subtilis str. 168	224308	rRNA_16S
d.16.b.C.tetani	Clostridium tetani	1513	rRNA_16S
d.16.b.R.prowazekii.GEN	Rickettsia prowazekii	782	rRNA_16S
d.16.b.R.prowazekii	Rickettsia prowazekii	782	rRNA_16S
d.16.b.C.testosteroni	Comamonas testosteroni	285	rRNA_16S
d.16.b.R.felis.URRWXCal2	Rickettsia felis URRWXCal2	315456	rRNA_16S
d.16.b.R.bellii	Rickettsia bellii	33990	rRNA_16S
d.16.b.R.erythropolis	Rhodococcus erythropolis	1833	rRNA_16S
d.16.b.C.diphtheriae	Corynebacterium diphtheriae	1717	rRNA_16S
d.16.b.R.acidophilus	Rhodoblastus acidophilus	1074	rRNA_16S
d.16.b.R.orientis	Rhodobium orientis	34017	rRNA_16S
d.16.b.C.burnetii	Coxiella burnetii	777	rRNA_16S
d.16.b.P.pacificensis	Psychrobacter pacificensis	112002	rRNA_16S
d.16.b.Pseudomonas.sp	Pseudomonas sp.	306	rRNA_16S
d.16.b.P.putida	Pseudomonas putida	303	rRNA_16S
d.16.b.P.aeruginosa.GEN	Pseudomonas aeruginosa	287	rRNA_16S
d.16.b.P.aeruginosa	Pseudomonas aeruginosa	287	rRNA_16S
d.16.b.P.vulgaris	Proteus vulgaris	585	rRNA_16S
d.16.b.C.vibrioforme	Prosthecochloris vibrioformis	1098	rRNA_16S
d.16.b.P.gingivalis	Porphyromonas gingivalis	837	rRNA_16S
d.16.b.Pleurocapsa.7516	Pleurocapsa sp.	44475	rRNA_16S
d.16.b.P.shigelloides	Plesiomonas shigelloides	703	rRNA_16S
d.16.b.P.Schlesner	Planctomycetaceae	126	rRNA_16S
d.16.b.D.thermophilus	Deferribacter thermophilus	53573	rRNA_16S
d.16.b.P.staleyi	Pirellula staleyi	125	rRNA_16S
d.16.b.X.albilineans	Xanthomonas albilineans	29447	rRNA_16S
d.16.b.V.parahaemolyticus	Vibrio parahaemolyticus	670	rRNA_16S
d.16.b.D.radiodurans.1	Deinococcus radiodurans	1299	rRNA_16S
d.16.b.D.radiodurans.GEN	Deinococcus radiodurans	1299	rRNA_16S
d.16.b.X.fastidiosa.GEN	Xylella fastidiosa	2371	rRNA_16S
d.16.b.D.desulfuricans	Desulfovibrio desulfuricans	876	rRNA_16S
d.16.b.P.miotherma	Petrotoga miotherma	28237	rRNA_16S
d.16.b.P.multocida.GEN	Pasteurella multocida	747	rRNA_16S
d.16.b.D.nodosus	Dichelobacter nodosus	870	rRNA_16S
d.16.b.P.multocida	Pasteurella multocida	747	rRNA_16S
d.16.b.N.asteroides	Nocardia asteroides	1824	rRNA_16S
d.16.b.N.meningitidis.Z2491.GEN	Neisseria meningitidis	487	rRNA_16S
d.16.b.N.meningitidis.MD58.GEN	Neisseria meningitidis	487	rRNA_16S
d.16.b.N.gonorrhoeae	Neisseria gonorrhoeae	485	rRNA_16S
d.16.b.M.xanthus	Myxococcus xanthus	34	rRNA_16S
d.16.b.E.tarda	Edwardsiella tarda	636	rRNA_16S
d.16.b.M.pneumoniae.GEN	Mycoplasma pneumoniae	2104	rRNA_16S
d.16.b.M.pneumoniae	Mycoplasma pneumoniae	2104	rRNA_16S
d.16.b.V.cholerae	Vibrio cholerae	666	rRNA_16S
d.16.b.M.mycoides	Mycoplasma mycoides	2102	rRNA_16S
d.16.b.M.hyopneumoniae	Mycoplasma hyopneumoniae	2099	rRNA_16S
d.16.b.M.genitalium	Mycoplasma genitalium	2097	rRNA_16S
d.16.b.M.gallisepticum	Mycoplasma gallisepticum	2096	rRNA_16S
d.16.b.M.capricolum	Mycoplasma capricolum	2095	rRNA_16S
d.16.b.M.tuberculosis.CDC1551.G	Mycobacterium tuberculosis CDC1551	83331	rRNA_16S
d.16.b.M.tuberculosis.GEN	Mycobacterium tuberculosis	1773	rRNA_16S
d.16.b.E.faecalis	Enterococcus faecalis	1351	rRNA_16S
d.16.b.E.faecium2	Enterococcus faecium	1352	rRNA_16S
d.16.b.M.tuberculosis.2	Mycobacterium tuberculosis	1773	rRNA_16S
d.16.b.M.tuberculosis.3	Mycobacterium tuberculosis	1773	rRNA_16S
d.16.b.Epulopiscium.sp	Epulopiscium sp.	2384	rRNA_16S
d.16.b.E.rhusiopathiae	Erysipelothrix rhusiopathiae	1648	rRNA_16S
d.16.b.M.leprae.GEN	Mycobacterium leprae	1769	rRNA_16S
d.16.b.E.coli	Escherichia coli	562	rRNA_16S
h.16.b.E.coli.hlxnum	Escherichia coli	562	rRNA_16S
m.16.b.E.coli.mhg	Escherichia coli	562	rRNA_16S
s.16.b.E.coli.schem	Escherichia coli	562	rRNA_16S
d.16.b.E.coli.0157G.GEN	Escherichia coli O157:H7	83334	rRNA_16S
d.16.b.E.coli.EDL.GEN	Escherichia coli O157:H7 str. EDL933	155864	rRNA_16S
d.16.b.E.brachy	[Eubacterium] brachy	35517	rRNA_16S
d.16.b.M.leprae	Mycobacterium leprae	1769	rRNA_16S
d.16.b.M.avium	Mycobacterium avium	1764	rRNA_16S
d.16.b.M.aeruginosa	Microcystis aeruginosa	1126	rRNA_16S
d.16.b.M.luteus	Micrococcus luteus	1270	rRNA_16S
d.16.b.M.capsulatus	Methylococcus capsulatus	414	rRNA_16S
d.16.b.Methylobacterium.sp	Methylobacterium sp.	409	rRNA_16S
d.16.b.F.tularensis	Francisella tularensis	263	rRNA_16S
d.16.b.Frankia.sp	Frankia sp.	1855	rRNA_16S
d.16.b.F.necrophorum	Fusobacterium necrophorum	859	rRNA_16S
d.16.b.F.nucleatum	Fusobacterium nucleatum subsp. nucleatum	76856	rRNA_16S
d.16.b.G.obscuriglobus.1	Gemmata obscuriglobus	114	rRNA_16S
d.16.b.X.campestris	Xanthomonas campestris	339	rRNA_16S
d.16.b.A.tumefaciens	Agrobacterium tumefaciens	358	rRNA_16S
d.16.b.V.cholerae5	Vibrio cholerae	666	rRNA_16S
d.16.b.V.cholerae2	Vibrio cholerae	666	rRNA_16S
d.16.b.G.subterranea	Geotoga subterranea	28235	rRNA_16S
d.16.b.M.loti	Mesorhizobium loti	381	rRNA_16S
d.16.b.L.monocytogenes	Listeria monocytogenes	1639	rRNA_16S
d.16.b.Leptospirillium.sp	Leptospirillum ferrooxidans	90958	rRNA_16S
d.16.b.L.interrogans	Leptospira interrogans	173	rRNA_16S
d.16.b.L.illini	Leptonema illini	183	rRNA_16S
d.16.b.G.liquefaciens	Gluconacetobacter liquefaciens	89584	rRNA_16S
d.16.b.L.pneumophila.1	Legionella pneumophila	446	rRNA_16S
d.16.b.L.pneumophila.2	Legionella pneumophila	446	rRNA_16S
d.16.b.L.lactis.GEN	Lactococcus lactis subsp. lactis	1360	rRNA_16S
d.16.b.L.acidophilus	Lactobacillus acidophilus	1579	rRNA_16S
d.16.b.K.pneumoniae	Klebsiella pneumoniae	573	rRNA_16S
d.16.b.V.cholerae4	Vibrio cholerae	666	rRNA_16S
d.16.b.I.pallida	Isosphaera pallida	128	rRNA_16S
d.16.b.H.influenzae6	Haemophilus influenzae	727	rRNA_16S
d.16.b.H.influenzae7	Haemophilus influenzae	727	rRNA_16S
d.16.b.H.influenzae8	Haemophilus influenzae	727	rRNA_16S
d.16.b.H.influenz	Haemophilus influenzae	727	rRNA_16S
d.16.b.Burkholderia.sp	Burkholderia sp.	36773	rRNA_16S
d.16.b.S.albidoflavus	Streptomyces albidoflavus	1886	rRNA_16S
d.16.b.S.acidiscabies	Streptomyces acidiscabies	42234	rRNA_16S
d.16.b.S.pyogenes.GEN	Streptococcus pyogenes M1 GAS	160490	rRNA_16S
d.16.b.S.pyogenes	Streptococcus pyogenes	1314	rRNA_16S
d.16.b.S.pneumoniae	Streptococcus pneumoniae	1313	rRNA_16S
d.16.b.S.mutans	Streptococcus mutans	1309	rRNA_16S
d.16.b.S.moniliformis	Streptobacillus moniliformis	34105	rRNA_16S
d.16.b.C.jejuni	Campylobacter jejuni	197	rRNA_16S
d.16.b.C.jejuni.GEN	Campylobacter jejuni	197	rRNA_16S
d.16.b.C.sputorum	Campylobacter sputorum	206	rRNA_16S
d.16.b.S.aureus.GEN	Staphylococcus aureus subsp. aureus N315	158879	rRNA_16S
d.16.b.S.aureus	Staphylococcus aureus	1280	rRNA_16S
d.16.b.S.aurantia	Spirochaeta aurantia	147	rRNA_16S
d.16.b.C.muridarum	Chlamydia muridarum str. Nigg	243161	rRNA_16S
d.16.b.C.trachomatis.GEN	Chlamydia trachomatis	813	rRNA_16S
d.16.b.C.trachomatis.L2	Chlamydia trachomatis	813	rRNA_16S
d.16.b.S.dysenteriae.2	Shigella dysenteriae	622	rRNA_16S
d.16.b.S.dysenteriae.1	Shigella dysenteriae	622	rRNA_16S
d.16.b.S.putrefaciens	Shewanella putrefaciens	24	rRNA_16S
d.16.b.S.marcescens	Serratia marcescens	615	rRNA_16S
d.16.b.C.pneumoniae	Chlamydia pneumoniae	83558	rRNA_16S
d.16.b.C.pneumoniae.AR39	Chlamydia pneumoniae AR39	115711	rRNA_16S
d.16.b.C.pneumoniae.CWL029	Chlamydia pneumoniae CWL029	115713	rRNA_16S
d.16.b.C.pneumoniae.J138	Chlamydia pneumoniae J138	138677	rRNA_16S
d.16.b.C.psittaci	Chlamydia psittaci	83554	rRNA_16S
d.16.b.Chlorogloeopsis.PCC7518	Chlorogloeopsis sp. PCC 7518	70811	rRNA_16S
d.16.b.R.rickettsii	Rickettsia rickettsii	783	rRNA_16S
d.16.b.C.marismortui	Chromohalobacter marismortui	42055	rRNA_16S
d.16.b.C.freundii	Citrobacter freundii	546	rRNA_16S
d.16.b.C.botulinum.F	Clostridium botulinum F	36831	rRNA_16S
d.16.b.C.difficile	Clostridioides difficile	1496	rRNA_16S
d.16.b.C.innocuum	[Clostridium] innocuum	1522	rRNA_16S
d.16.b.C.perfringens	Clostridium perfringens	1502	rRNA_16S
d.235.b.B.mallei	Burkholderia mallei	13373	rRNA_23S
d.235.b.B.pseudomallei	Burkholderia pseudomallei	28450	rRNA_23S
d.233.b.B.pseudomallei	Burkholderia pseudomallei	28450	rRNA_23S
d.233.b.E.coli	Escherichia coli	562	rRNA_23S
d.235.b.E.coli	Escherichia coli	562	rRNA_23S
d.235.b.A.hydrophila	Aeromonas hydrophila	644	rRNA_23S
d.235.b.D.radiodurans.rrnB	Deinococcus radiodurans	1299	rRNA_23S
d.233.b.D.radiodurans.rrnB	Deinococcus radiodurans	1299	rRNA_23S
d.235.b.D.radiodurans.rrnC	Deinococcus radiodurans	1299	rRNA_23S
d.233.b.D.radiodurans.rrnC	Deinococcus radiodurans	1299	rRNA_23S
d.235.b.T.pallidum.A	Treponema pallidum subsp. pallidum str. Nichols	243276	rRNA_23S
d.233.b.S.carnosus	Staphylococcus carnosus	1281	rRNA_23S
d.233.b.B.pertussis	Bordetella pertussis	520	rRNA_23S
h.233.b.E.coli.hlxnum	Escherichia coli	562	rRNA_23S
d.235.b.C.jejuni	Campylobacter jejuni	197	rRNA_23S
d.233.b.C.jejuni	Campylobacter jejuni	197	rRNA_23S
d.235.b.B.pertussis	Bordetella pertussis	520	rRNA_23S
d.235.b.S.carnosus	Staphylococcus carnosus	1281	rRNA_23S
h.235.b.E.coli.hlxnum	Escherichia coli	562	rRNA_23S
d.235.b.S.aureus	Staphylococcus aureus	1280	rRNA_23S
d.233.b.S.aureus	Staphylococcus aureus	1280	rRNA_23S
d.233.b.T.pallidum.A	Treponema pallidum subsp. pallidum str. Nichols	243276	rRNA_23S
d.235.b.B.bacilliformis	Bartonella bacilliformis	774	rRNA_23S
d.233.b.H.pylori	Helicobacter pylori	210	rRNA_23S
s.233.b.E.coli.schem	Escherichia coli	562	rRNA_23S
d.235.b.N.meningitidis	Neisseria meningitidis	487	rRNA_23S
d.233.b.C.trachomatis.L2	Chlamydia trachomatis	813	rRNA_23S
d.235.b.C.trachomatis.L2	Chlamydia trachomatis	813	rRNA_23S
d.233.b.N.meningitidis	Neisseria meningitidis	487	rRNA_23S
s.235.b.E.coli.schem	Escherichia coli	562	rRNA_23S
d.233.b.H.influenzae	Bacillus sp. CFM6	501279	rRNA_23S
d.233.b.N.gonorrhoeae	Neisseria gonorrhoeae	485	rRNA_23S
d.233.b.R.amylophilus	Ruminobacter amylophilus	867	rRNA_23S
d.235.b.N.gonorrhoeae	Neisseria gonorrhoeae	485	rRNA_23S
d.235.b.H.pylori	Helicobacter pylori	210	rRNA_23S
d.235.b.B.bronchiseptica	Bordetella bronchiseptica	518	rRNA_23S
d.233.b.B.bronchiseptica	Bordetella bronchiseptica	518	rRNA_23S
d.233.b.A.calcoaceticus	Acinetobacter calcoaceticus	471	rRNA_23S
d.235.b.C.psittaci	Chlamydia psittaci	83554	rRNA_23S
d.233.b.C.psittaci	Chlamydia psittaci	83554	rRNA_23S
d.235.b.R.amylophilus	Ruminobacter amylophilus	867	rRNA_23S
d.233.b.B.bacilliformis	Bartonella bacilliformis	774	rRNA_23S
d.235.b.R.rickettsii	Rickettsia rickettsii	783	rRNA_23S
d.233.b.R.rickettsii	Rickettsia rickettsii	783	rRNA_23S
d.233.b.K.pneumoniae	Klebsiella pneumoniae	573	rRNA_23S
d.235.b.R.prowazekii	Rickettsia prowazekii	782	rRNA_23S
d.235.b.L.interrogans	Leptospira interrogans	173	rRNA_23S
d.233.b.R.prowazekii	Rickettsia prowazekii	782	rRNA_23S
d.235.b.M.pneumoniae	Mycoplasma pneumoniae	2104	rRNA_23S
d.235.b.C.freundii	Citrobacter freundii	546	rRNA_23S
d.233.b.C.freundii	Citrobacter freundii	546	rRNA_23S
d.235.b.C.botulinum.a	Clostridium botulinum A	36826	rRNA_23S
d.233.b.C.botulinum.a	Clostridium botulinum A	36826	rRNA_23S
d.233.b.C.botulinum.2b	Clostridium botulinum B	36827	rRNA_23S
d.235.b.C.botulinum.2b	Clostridium botulinum B	36827	rRNA_23S
d.235.b.C.botulinum.b	Clostridium botulinum B	36827	rRNA_23S
d.233.b.C.botulinum.b	Clostridium botulinum B	36827	rRNA_23S
d.235.b.C.botulinum.E	Clostridium botulinum E	36830	rRNA_23S
d.233.b.C.botulinum.E	Clostridium botulinum E	36830	rRNA_23S
d.233.b.L.interrogans	Leptospira interrogans	173	rRNA_23S
d.233.b.M.pneumoniae	Mycoplasma pneumoniae	2104	rRNA_23S
d.235.b.K.pneumoniae	Klebsiella pneumoniae	573	rRNA_23S
d.235.b.M.luteus	Micrococcus luteus	1270	rRNA_23S
d.233.b.M.luteus	Micrococcus luteus	1270	rRNA_23S
d.233.b.L.lactis	Lactococcus lactis	1358	rRNA_23S
d.235.b.H.influenzae	Bacillus sp. CFM6	501279	rRNA_23S
d.235.b.M.genitalium	Mycoplasma genitalium	2097	rRNA_23S
d.233.b.M.genitalium	Mycoplasma genitalium	2097	rRNA_23S
d.235.b.L.lactis	Lactococcus lactis	1358	rRNA_23S
d.233.b.B.subtilis	Bacillus subtilis	1423	rRNA_23S
d.235.b.B.subtilis	Bacillus subtilis	1423	rRNA_23S
d.235.b.A.calcoaceticus	Acinetobacter calcoaceticus	471	rRNA_23S
d.233.b.B.anthracis	Bacillus anthracis	1392	rRNA_23S
d.233.b.B.mallei	Burkholderia mallei	13373	rRNA_23S
d.235.b.B.anthracis	Bacillus anthracis	1392	rRNA_23S
d.235.b.B.cepacia	Burkholderia cepacia	292	rRNA_23S
d.233.b.B.cepacia	Burkholderia cepacia	292	rRNA_23S
d.233.b.S.ambofaciens	Streptomyces ambofaciens	1889	rRNA_23S
d.235.b.S.ambofaciens	Streptomyces ambofaciens	1889	rRNA_23S
d.233.b.B.burgdorferi	Borreliella burgdorferi	139	rRNA_23S
d.235.b.B.burgdorferi	Borreliella burgdorferi	139	rRNA_23S
d.233.b.T.maritima	Thermotoga maritima	2336	rRNA_23S
d.235.b.E.faecium	Enterococcus faecium	1352	rRNA_23S
d.233.b.E.faecium	Enterococcus faecium	1352	rRNA_23S
d.235.b.P.aeruginosa	Pseudomonas aeruginosa	287	rRNA_23S
d.233.b.P.aeruginosa	Pseudomonas aeruginosa	287	rRNA_23S
d.235.b.T.maritima	Thermotoga maritima	2336	rRNA_23S
d.235.b.L.monocytogenes.2	Listeria monocytogenes	1639	rRNA_23S
d.235.b.M.leprae	Mycobacterium leprae	1769	rRNA_23S
d.233.b.M.leprae	Mycobacterium leprae	1769	rRNA_23S
d.233.b.L.monocytogenes.2	Listeria monocytogenes	1639	rRNA_23S
d.235.b.T.thermophilus	Thermus thermophilus	274	rRNA_23S
d.235.b.P.shigelloides	Plesiomonas shigelloides	703	rRNA_23S
d.233.b.P.shigelloides	Plesiomonas shigelloides	703	rRNA_23S
d.235.b.E.rhusiopathiae	Erysipelothrix rhusiopathiae	1648	rRNA_23S
d.233.b.E.rhusiopathiae	Erysipelothrix rhusiopathiae	1648	rRNA_23S
d.233.b.L.monocytogenes.1	Listeria monocytogenes	1639	rRNA_23S
d.235.b.L.monocytogenes.1	Listeria monocytogenes	1639	rRNA_23S
d.233.b.A.hydrophila	Aeromonas hydrophila	644	rRNA_23S
d.233.b.T.thermophilus	Thermus thermophilus	274	rRNA_23S
d.235.m.A.turrita	Albinaria turrita	27820	rRNA_21S
d.233.m.X.laevis	Xenopus laevis	8355	rRNA_21S
d.233.m.K.tunicata	Katharina tunicata	34587	rRNA_21S
d.233.m.A.salina	Artemia salina	85549	rRNA_21S
d.235.m.D.melanogaster	Drosophila melanogaster	7227	rRNA_21S
d.233.m.D.melanogaster	Drosophila melanogaster	7227	rRNA_21S
d.233.m.L.bleekeri	Heterololigo bleekeri	6617	rRNA_21S
d.233.m.A.turrita	Albinaria turrita	27820	rRNA_21S
d.233.m.C.lacertina	Cacozeliana lacertina	95942	rRNA_21S
d.233.m.Z.mays	Zea mays	4577	rRNA_21S
d.235.m.Z.mays	Zea mays	4577	rRNA_21S
d.235.m.L.bleekeri	Heterololigo bleekeri	6617	rRNA_21S
d.235.m.E.herklotsi	Euhadra herklotsi	58912	rRNA_21S
d.233.m.P.paludiformis	Brotia sp. WH-2000	221334	rRNA_21S
d.235.m.A.salina	Artemia salina	85549	rRNA_21S
d.235.m.X.laevis	Xenopus laevis	8355	rRNA_21S
d.233.m.S.sinuspaulianus	Suillus sinuspaulianus	5381	rRNA_21S
d.235.m.P.paludiformis	Brotia sp. WH-2000	221334	rRNA_21S
d.235.m.M.edulis	Mytilus edulis	6550	rRNA_21S
d.233.m.M.edulis	Mytilus edulis	6550	rRNA_21S
d.233.m.L.terrestris	Lumbricus terrestris	6398	rRNA_21S
d.235.m.P.maximus	Pecten maximus	6579	rRNA_21S
d.233.m.E.herklotsi	Euhadra herklotsi	58912	rRNA_21S
d.233.m.P.maximus	Pecten maximus	6579	rRNA_21S
d.235.m.A.caerulea	Albinaria caerulea	42349	rRNA_21S
d.235.m.S.sinuspaulianus	Suillus sinuspaulianus	5381	rRNA_21S
d.233.m.A.caerulea	Albinaria caerulea	42349	rRNA_21S
d.235.m.L.terrestris	Lumbricus terrestris	6398	rRNA_21S
b.233.m.S.cerevisiae	Saccharomyces cerevisiae	4932	rRNA_21S
b.235.m.S.cerevisiae	Saccharomyces cerevisiae	4932	rRNA_21S
d.233.m.C.elegans	Caenorhabditis elegans	6239	rRNA_21S
d.235.m.C.elegans	Caenorhabditis elegans	6239	rRNA_21S
d.235.m.C.lacertina	Cacozeliana lacertina	95942	rRNA_21S
d.235.m.K.tunicata	Katharina tunicata	34587	rRNA_21S
d.16.e.A.ambigua	Aulacoseira ambigua	49234	rRNA_18S
d.16.e.G.max	Glycine max	3847	rRNA_18S
d.16.e.L.giganteum	Lagenidium giganteum	4803	rRNA_18S
d.16.e.L.kittonii	Lampriscus kittonii	210589	rRNA_18S
d.16.e.L.obtusa	Conglomerata obtusa	174682	rRNA_18S
d.16.e.L.borealis	Lauderia borealis	49255	rRNA_18S
d.16.e.G.stephani	Glugea stephani	75296	rRNA_18S
d.16.e.G.atherinae	Glugea atherinae	36737	rRNA_18S
d.16.e.L.major	Leishmania major	5664	rRNA_18S
d.16.e.L.danicus	Leptocylindrus danicus	163516	rRNA_18S
d.16.e.Glomus.sp.W3349	Glomus sp. W3349	144532	rRNA_18S
a.16.e.G.intraradices	Rhizophagus intraradices	4876	rRNA_18S
d.16.e.G.wittrockiana	Gloeochaete wittrockiana	38269	rRNA_18S
d.16.e.G.nostochinearum	Glaucocystis nostochinearum	38271	rRNA_18S
a.16.e.G.muris	Giardia muris	5742	rRNA_18S
d.16.e.V.culicis	Vavraia culicis	103449	rRNA_18S
d.16.e.X.borealis	Xenopus borealis	8354	rRNA_18S
d.16.e.L.undulatum	Lithodesmium undulatum	59812	rRNA_18S
d.16.e.L.acerinae	Loma acerinae	103443	rRNA_18S
a.16.e.P.balamuthi	Mastigamoeba balamuthi	108607	rRNA_18S
d.16.e.M.varians	Melosira varians	49256	rRNA_18S
d.16.e.G.intestinalis	Giardia intestinalis	5741	rRNA_18S
a.16.e.G.ardeae	Giardia ardeae	5743	rRNA_18S
d.16.e.G.spirotaenia	Genicularia spirotaenia	31316	rRNA_18S
d.16.e.G.vagum	Gelidium vagum	35171	rRNA_18S
d.16.e.G.steinii	Gastrostyla steinii	99926	rRNA_18S
d.16.e.F.x.ananassa	Fragaria x ananassa	3747	rRNA_18S
d.16.e.F.montana	Flabelliforma montana	103459	rRNA_18S
d.16.e.E.aediculatus	Euplotes aediculatus	5940	rRNA_18S
d.16.e.M.prolifera	Clathria prolifera	27928	rRNA_18S
d.16.e.E.rotunda	Euglypha rotunda	39714	rRNA_18S
d.16.e.Microgemma.sp	Microgemma sp.	103454	rRNA_18S
d.16.e.M.prosopium	Microsporidium prosopium	96063	rRNA_18S
d.16.e.Microsporidium.sp.DP119	Microsporidium sp. DP-1-19	174678	rRNA_18S
d.16.e.M.leidyi	Mnemiopsis leidyi	27923	rRNA_18S
d.16.e.M.circinelloides	Mucor lusitanicus	29924	rRNA_18S
d.16.e.M.racemosus	Mucor racemosus	4841	rRNA_18S
d.16.e.M.musculus	Mus musculus	10090	rRNA_18S
d.16.e.E.carnea	Erythrotrichia carnea	35151	rRNA_18S
d.16.e.Enterocytozoonidae.sp	Enterocytozoonidae gen. sp.	110581	rRNA_18S
d.16.e.E.salmonis	Nucleospora salmonis	36804	rRNA_18S
d.16.e.E.bieneusi	Enterocytozoon bieneusi	31281	rRNA_18S
d.16.e.E.histolytica	Entamoeba histolytica	5759	rRNA_18S
d.16.e.E.mobilis	Engelmanniella mobilis	99915	rRNA_18S
d.16.e.Endoreticulatus.sp	Endoreticulatus sp.	133530	rRNA_18S
d.16.e.E.schubergi	Endoreticulatus schubergi	42401	rRNA_18S
d.16.e.E.triangulatum	Encyonema triangulatum	216747	rRNA_18S
d.16.e.Encephalitozoon.sp	Encephalitozoon sp.	31283	rRNA_18S
d.16.e.E.hellem	Encephalitozoon hellem	27973	rRNA_18S
d.16.e.E.cuniculi	Encephalitozoon cuniculi	6035	rRNA_18S
d.16.e.E.aedis	Edhazardia aedis	70536	rRNA_18S
a.16.e.M.edulis	Mytilus edulis	6550	rRNA_18S
b.16.e.E.granulosus	Echinococcus granulosus	6210	rRNA_18S
d.16.e.N.fowleri	Naegleria fowleri	5763	rRNA_18S
d.16.e.N.gruberi	Naegleria gruberi	5762	rRNA_18S
d.16.e.D.melanogaster	Drosophila melanogaster	7227	rRNA_18S
d.16.e.D.grisea	Dixoniella grisea	35153	rRNA_18S
d.16.e.D.brightwellii	Ditylum brightwellii	49249	rRNA_18S
d.16.e.D.grandiflora	Digitalis grandiflora	38791	rRNA_18S
d.16.e.N.helminthoides	Nemalion elminthoides	35200	rRNA_18S
d.16.e.N.shawii	Nemalionopsis shawii	202686	rRNA_18S
d.16.e.N.tortuosa	Nemalionopsis tortuosa	101922	rRNA_18S
d.16.e.N.crassa	Neurospora crassa	5141	rRNA_18S
d.16.e.N.tabacum	Nicotiana tabacum	4097	rRNA_18S
d.16.e.N.apis	Nosema apis	35231	rRNA_18S
d.16.e.N.bombycis.27	Nosema bombycis	27978	rRNA_18S
d.16.e.N.bombycis.02	Nosema bombycis	27978	rRNA_18S
d.16.e.N.ceranae.1	Nosema ceranae	40302	rRNA_18S
d.16.e.N.furnacalis	Nosema furnacalis	40301	rRNA_18S
d.16.e.N.necatrix	Nosema necatrix	35230	rRNA_18S
d.16.e.N.oulemae	Nosema oulemae	40303	rRNA_18S
d.16.e.Nosema.sp.03	Nosema sp.	40300	rRNA_18S
d.16.e.Nosema.sp.02	Nosema sp.	40300	rRNA_18S
d.16.e.Nosema.sp.05	Nosema sp.	40300	rRNA_18S
d.16.e.N.spodopterae	Nosema spodopterae	231490	rRNA_18S
d.16.e.N.trichoplusiae	Nosema trichoplusiae	35227	rRNA_18S
d.16.e.P.whitei	Nosema whitei	235220	rRNA_18S
d.16.e.N.salmonis	Nucleospora salmonis	54411	rRNA_18S
d.16.e.O.sinensis	Trieres chinensis	2839	rRNA_18S
b.16.e.O.utahensis	Okanagana utahensis	30160	rRNA_18S
d.16.e.O.occidentalis	Oligosporidium occidentalis	200899	rRNA_18S
d.16.e.O.quadricornutus	Onychodromus quadricornutus	6028	rRNA_18S
d.16.e.O.colligata	Ordospora colligata	174685	rRNA_18S
d.16.e.O.operophterae	Orthosomella operophterae	148817	rRNA_18S
d.16.e.O.cuniculus	Oryctolagus cuniculus	9986	rRNA_18S
d.16.e.O.sativa	Oryza sativa	4530	rRNA_18S
d.16.e.O.granulifera.2	Oxytricha granulifera	5947	rRNA_18S
d.16.e.O.granulifera.1	Oxytricha granulifera	5947	rRNA_18S
d.16.e.O.longa	Hemiurosomoida longa	99908	rRNA_18S
d.16.e.P.palmata	Palmaria palmata	2822	rRNA_18S
d.16.e.P.sol	Paralia sol	216908	rRNA_18S
d.16.e.P.anophelis	Parathelohania anophelis	33690	rRNA_18S
d.16.e.P.weissei	Paraurostyla weissei	99909	rRNA_18S
d.16.e.P.lepisma	Paruroleptus lepisma	99922	rRNA_18S
d.16.e.D.gammarellum	Dictyocoela gammarellum	279534	rRNA_18S
d.16.e.D.tenue	Diatoma tenuis	2863	rRNA_18S
d.16.e.P.chromatophora	Paulinella chromatophora	39717	rRNA_18S
d.16.e.P.marinus	Perkinsus marinus	31276	rRNA_18S
d.16.e.D.grandis	Diaphanoeca grandis	28014	rRNA_18S
d.16.e.A.plicata	Ahnfeltia plicata	28023	rRNA_18S
d.16.e.Dermocystidium.sp	Dermocystidium sp.	39437	rRNA_18S
d.16.e.C.luteoviridis	Jaagichlorella luteoviridis	31301	rRNA_18S
a.16.e.P.magellanicus	Placopecten magellanicus	6577	rRNA_18S
d.16.e.Pla.lanceolata	Plantago lanceolata	39414	rRNA_18S
d.16.e.P.falciparum.A	Plasmodium falciparum	5833	rRNA_18S
d.16.e.P.falciparum.S	Plasmodium falciparum	5833	rRNA_18S
d.16.e.P.vivax.A	Plasmodium vivax	5855	rRNA_18S
d.16.e.P.vivax.S	Plasmodium vivax	5855	rRNA_18S
d.16.e.P.vivax.O	Plasmodium vivax	5855	rRNA_18S
d.16.e.P.hippoglossoideos	Pleistophora hippoglossoideos	73785	rRNA_18S
d.16.e.P.mirandellae	Ovipleistophora mirandellae	103444	rRNA_18S
d.16.e.Pleistophora.sp	Pleistophora sp.	35234	rRNA_18S
d.16.e.Pleistophora.sp.LS	Pleistophora sp. LS	103448	rRNA_18S
d.16.e.C.citrina	Cyrtohymena citrina	99924	rRNA_18S
d.16.e.P.laevis	Pleurosira cf. laevis	216796	rRNA_18S
d.16.e.Ple.lanceolata	Pleurotricha lanceolata	57511	rRNA_18S
d.16.e.P.pulvinata	Plocamiocolax pulvinata	35206	rRNA_18S
d.16.e.P.carinii	Pneumocystis carinii	4754	rRNA_18S
d.16.e.P.anserina	Podospora anserina	5145	rRNA_18S
d.16.e.P.simulii	Polydispyrenia simulii	103456	rRNA_18S
d.16.e.P.pseudodenticulata	Porosira pseudodenticulata	263736	rRNA_18S
d.16.e.P.aerugineum.1	Porphyridium aerugineum	2792	rRNA_18S
d.16.e.C.belgica	Cymatosira belgica	49246	rRNA_18S
d.16.e.X.laevis	Xenopus laevis	8355	rRNA_18S
d.16.e.P.tremulans	Pseudobodo tremulans	167961	rRNA_18S
d.16.e.Pseudogomphonema.sp	Pseudogomphonema sp. p382	216731	rRNA_18S
d.16.e.C.paradoxa	Cyanophora paradoxa	2762	rRNA_18S
d.16.e.A.castellanii	Acanthamoeba castellanii	5755	rRNA_18S
d.16.e.Z.mays	Zea mays	4577	rRNA_18S
d.16.e.P.cristatellae	Pseudonosema cristatellae	202247	rRNA_18S
d.16.e.P.haeckeli	Psorospermium haeckeli	42463	rRNA_18S
d.16.e.C.lunata	Culicosporella lunata	70534	rRNA_18S
d.16.e.C.neoformans	Cryptococcus neoformans var. neoformans	40410	rRNA_18S
b.16.e.C.koreana	Crossodonthina koreana	36140	rRNA_18S
d.16.e.R.norvegicus	Rattus norvegicus	10116	rRNA_18S
d.16.e.R.americana	Reclinomonas americana	48483	rRNA_18S
d.16.e.R.belgicae	Rhaphoneis belgicae	33647	rRNA_18S
d.16.e.R.oryzae	Rhizopus oryzae	64495	rRNA_18S
d.16.e.R.maculata	Rhodella violacea	38298	rRNA_18S
d.16.e.C.radiatus	Coscinodiscus radiatus	33642	rRNA_18S
d.16.e.R.parvula	Rhodochaete parvula	110510	rRNA_18S
d.16.e.C.criophilum	Corethron criophilum	49243	rRNA_18S
d.16.e.R.carriebowensis	Rhodogorgon carriebowensis	31496	rRNA_18S
d.16.e.R.leptophylla	Rhodymenia leptophylla	105598	rRNA_18S
d.16.e.C.officinalis	Corallina officinalis	35170	rRNA_18S
d.16.e.C.coeruleus	Compsopogon caeruleus	31354	rRNA_18S
d.16.e.C.immitis	Coccidioides immitis	5501	rRNA_18S
d.16.e.C.crispus	Chondrus crispus	2769	rRNA_18S
d.16.e.S.cerevisiae	Saccharomyces cerevisiae	4932	rRNA_18S
d.16.e.S.costatum	Skeletonema costatum	2843	rRNA_18S
d.16.e.S.culisetae	Zancudomyces culisetae	4889	rRNA_18S
d.16.e.S.tuberosum	Solanum tuberosum	4113	rRNA_18S
d.16.e.S.destruens	Sphaerothecum destruens	42893	rRNA_18S
d.16.e.Chaetoceros.sp	Chaetoceros sp.	49240	rRNA_18S
d.16.e.S.lophii	Spraguea lophii	51541	rRNA_18S
d.16.e.C.rubrum	Ceramium rubrum	35157	rRNA_18S
d.16.e.C.albicans	Candida albicans	5476	rRNA_18S
d.16.e.C.ralfsii	Campylodiscus ralfsii	216757	rRNA_18S
d.16.e.Staurastrum.sp.M752	Staurastrum sp. M752	31318	rRNA_18S
d.16.e.S.nipponica	Stephanopyxis nipponica	218683	rRNA_18S
d.16.e.B.plumatellae	Bryonosema plumatellae	202244	rRNA_18S
d.16.e.B.moritziana	Bostrychia moritziana	103713	rRNA_18S
d.16.e.B.hamifera	Bonnemaisonia hamifera	31369	rRNA_18S
d.16.e.B.ostreae	Bonamia ostreae	126728	rRNA_18S
d.16.e.B.pacifica	Triparma pacifica	91992	rRNA_18S
d.16.e.B.mediterranea	Bolidomonas mediterranea	91991	rRNA_18S
d.16.e.B.hominis	Blastocystis hominis	12968	rRNA_18S
d.16.e.B.emersonii	Blastocladiella emersonii	4808	rRNA_18S
d.16.e.B.titiana	Biddulphiopsis titiana	210447	rRNA_18S
d.16.e.B.macrosporum	Montagnia macrospora	67909	rRNA_18S
d.16.e.B.gelatinosum	Batrachospermum gelatinosum	69143	rRNA_18S
d.16.e.Bangia.sp.VIS7	Bangia sp.	76713	rRNA_18S
d.16.e.Bangia.sp.NWT	Bangia fuscopurpurea	101920	rRNA_18S
d.16.e.B.investiens	Balbiania investiens	111861	rRNA_18S
d.16.e.B.coli	Balantioides coli	71585	rRNA_18S
d.16.e.B.mandrillaris	Balamuthia mandrillaris	66527	rRNA_18S
d.16.e.Bacillidium.sp	Bacillidium sp.	88069	rRNA_18S
d.16.e.Babesia.sp.OKD	Babesia sp. Oklahoma dog	113246	rRNA_18S
d.16.e.B.rodhaini	Babesia rodhaini	5870	rRNA_18S
d.16.e.B.microti.3	Babesia microti	5868	rRNA_18S
d.16.e.B.microti.1	Babesia microti	5868	rRNA_18S
d.16.e.B.microti.2	Babesia microti	5868	rRNA_18S
d.16.e.B.microti.4	Babesia microti	5868	rRNA_18S
d.16.e.B.microti.5	Babesia microti	5868	rRNA_18S
d.16.e.B.gibsoni	Babesia gibsoni	33632	rRNA_18S
d.16.e.B.canis	Babesia canis	5867	rRNA_18S
d.16.e.B.bovis	Babesia bovis	5865	rRNA_18S
d.16.e.B.bigemina	Babesia bigemina	5866	rRNA_18S
d.16.e.A.baicalensis	Aulacoseira baicalensis	202469	rRNA_18S
d.16.e.A.hermannii	Audouinella hermannii	31360	rRNA_18S
d.16.e.A.dasyae	Colaconema dasyae	35156	rRNA_18S
d.16.e.S.lemnae	Stylonychia lemnae	5949	rRNA_18S
d.16.e.S.mytilus	Stylonychia mytilus	5950	rRNA_18S
d.16.e.A.kariana	Asterionellopsis kariana	59810	rRNA_18S
d.16.e.A.flavus	Aspergillus flavus	5059	rRNA_18S
b.16.e.A.salina	Artemia salina	85549	rRNA_18S
d.16.e.S.fastuosa	Surirella fastuosa var. cuneata	216755	rRNA_18S
d.16.e.Fungus.sp.QPX	fungal contaminant of QPX isolate	134203	rRNA_18S
d.16.e.T.thermophila	Tetrahymena thermophila	5911	rRNA_18S
d.16.e.Thalassionema.sp	Thalassionema sp. p474	216620	rRNA_18S
d.16.e.T.antarctica	Thalassiosira antarctica	160265	rRNA_18S
d.16.e.T.eccentrica	Thalassiosira eccentrica	49261	rRNA_18S
d.16.e.T.pseudonana	Thalassiosira pseudonana	35128	rRNA_18S
d.16.e.T.contejeani	Thelohania contejeani	164912	rRNA_18S
d.16.e.A.verticilliflorum	Arceuthobium verticilliflorum	29819	rRNA_18S
d.16.e.A.thaliana	Arabidopsis thaliana	3702	rRNA_18S
d.16.e.A.invadans	Aphanomyces invadans	157072	rRNA_18S
d.16.e.A.scoticae	Antonospora scoticae	67678	rRNA_18S
d.16.e.A.majus	Antirrhinum majus	4151	rRNA_18S
b.16.e.A.australis	Androctonus australis	6858	rRNA_18S
d.16.e.V.corneae	Vittaforma corneae	42399	rRNA_18S
d.16.e.W.palustris	Caudospora palustris	102172	rRNA_18S
d.16.e.A.capitellata	Amphora cf. capitellata	216748	rRNA_18S
d.16.e.A.michaelis	Ameson michaelis	27981	rRNA_18S
d.16.e.Amblyospora.sp	Amblyospora sp.	33688	rRNA_18S
d.16.e.A.khaliulini	Amblyospora khaliulini	191589	rRNA_18S
d.16.e.A.ferocious	Amblyospora ferocious	191597	rRNA_18S
d.16.e.A.connecticus	Amblyospora connecticus	67759	rRNA_18S
d.16.e.A.bracteata	Amblyospora bracteata	191599	rRNA_18S
d.16.e.A.bongranii	Achnanthes bongranii	216896	rRNA_18S
d.16.e.T.hispida	Thorea hispida	202687	rRNA_18S
d.16.e.T.violacea.4	Thorea violacea	67961	rRNA_18S
d.16.e.T.violacea.2	Thorea violacea	67961	rRNA_18S
d.16.e.T.violacea.1	Thorea violacea	67961	rRNA_18S
d.16.e.T.caries	Tilletia caries	13290	rRNA_18S
d.16.e.Hazardia.sp	Hazardia sp.	191606	rRNA_18S
d.16.a.H.marismortui.rrnB	Chalcides lanzai	500796	rRNA_18S
d.16.a.H.marismortui.rrnA	Chalcides guentheri	500795	rRNA_18S
d.16.e.H.anguillarum	Heterosporis anguillarum	184033	rRNA_18S
a.16.e.Hexamita.sp	Hexamita sp.	28003	rRNA_18S
d.16.e.H.rubra	Hildenbrandia rubra	31481	rRNA_18S
d.16.e.H.sapiens	Homo sapiens	9606	rRNA_18S
d.16.e.I.hoferi	Ichthyophonus hoferi	39843	rRNA_18S
d.16.e.Ichthyosporidium.sp	Ichthyosporidium sp.	42181	rRNA_18S
d.16.e.I.barri	Intrapredatorus barri	145415	rRNA_18S
d.16.e.G.vavrai	Gurleya vavrai	174688	rRNA_18S
d.16.e.J.libera	Jakoba libera	143017	rRNA_18S
d.16.e.J.debaisieuxi	Janacekia debaisieuxi	103452	rRNA_18S
d.16.e.G.marina	Grammatophora marina	232512	rRNA_18S
d.16.e.Gracilariopsis.sp	Gracilariopsis sp.	2783	rRNA_18S
d.16.e.L.minuta	Labyrinthuloides minuta	33676	rRNA_18S
d.16.e.S.cerradensis	Dentiscutata cerradensis	121125	rRNA_18S
d.16.e.S.pupula	Sellaphora pupula f. capitata	216742	rRNA_18S
d.16.e.S.indicum	Sesamum indicum	4182	rRNA_18S
d.16.e.S.alba	Sinapis alba	3728	rRNA_18S
d.233.e.O.sativa	Oryza sativa	4530	rRNA_21S
d.235.e.O.sativa	Oryza sativa	4530	rRNA_21S
d.235.e.A.thaliana	Arabidopsis thaliana	3702	rRNA_21S
d.235.e.S.cerevisiae	Saccharomyces cerevisiae	4932	rRNA_21S
d.235.a.H.marismortui.3	Chalcides lanzai	500796	rRNA_21S
d.233.a.H.marismortui.3	Chalcides lanzai	500796	rRNA_21S
d.233.e.P.falciparum.S	Plasmodium falciparum	5833	rRNA_21S
d.235.e.P.falciparum.A	Plasmodium falciparum	5833	rRNA_21S
d.233.e.P.falciparum.A	Plasmodium falciparum	5833	rRNA_21S
d.233.a.H.marismortui.2	Chalcides guentheri	500795	rRNA_21S
d.235.a.H.marismortui.2	Chalcides guentheri	500795	rRNA_21S
d.235.e.P.falciparum.S	Plasmodium falciparum	5833	rRNA_21S
d.233.e.G.intestinalis	Giardia intestinalis	5741	rRNA_21S
d.235.e.G.intestinalis	Giardia intestinalis	5741	rRNA_21S
d.233.e.A.thaliana	Arabidopsis thaliana	3702	rRNA_21S
d.233.e.S.cerevisiae	Saccharomyces cerevisiae	4932	rRNA_21S
d.16.e.T.undulatum	Toxarium undulatum	210620	rRNA_18S
d.16.e.T.gondii	Toxoplasma gondii	5811	rRNA_18S
d.16.e.T.hominis	Trachipleistophora hominis	72359	rRNA_18S
d.16.e.A.macrogynus	Allomyces macrogynus	28583	rRNA_18S
d.16.e.A.fundyense	Alexandrium fundyense	2932	rRNA_18S
d.16.e.T.cystophora	Tripedalia cystophora	6141	rRNA_18S
d.16.e.T.foetus	Tritrichomonas suis	5724	rRNA_18S
d.16.e.T.brucei	Trypanosoma brucei	5691	rRNA_18S
d.16.e.T.cruzi	Trypanosoma cruzi	5693	rRNA_18S
d.16.e.V.acridophagus	Tubulinosema acridophagus	307626	rRNA_18S
d.16.e.Undatella.sp	Undatella sp. p446	216761	rRNA_18S
d.16.e.U.gallina	Uroleptus gallina	57513	rRNA_18S
d.16.e.U.pisces	Uroleptus pisces	99911	rRNA_18S
d.16.e.U.grandis	Urostyla grandis	57509	rRNA_18S
d.16.e.U.maydis	Ustilago maydis	5270	rRNA_18S
d.16.e.V.imperfecta	Vairimorpha imperfecta	86960	rRNA_18S
d.16.e.V.necatrix	Vairimorpha necatrix	6039	rRNA_18S
d.16.e.Vairimorpha.sp.C21	Vairimorpha sp. C21	235546	rRNA_18S
d.16.e.H.plana	Halymenia plana	42021	rRNA_18S
d.16.e.H.milleri	Hazardia milleri	191605	rRNA_18S
